lead_id,company,niche,city_country,website_or_profile,contact_channel,contact_person_or_role,public_source_url,pain_hypothesis,personalization_angle,offer_fit_score_1_5,status,owner_profile,last_touch_date,next_action,next_action_due,reply_summary,demo_datetime,proposal_package,payment_status,delivery_handoff_status,notes
L001,Dent Alex,стоматология,"Москва, Россия",https://dentalex01.ru/,сайт/профиль с публичной формой или контактами,администратор/владелец (роль; персональные данные не собирались),https://dentalex01.ru/,"дорогие входящие заявки, администратор может терять обращения вне рабочего времени; нужен быстрый сбор услуги, боли и времени записи",показать сценарий «услуга/боль → 5 вопросов → удобное время → заявка администратору»,4,new,lead-research-agent,,"Перед касанием вручную открыть публичный источник, подтвердить актуальность и использовать только approved outreach-script; сейчас не отправлять.",2026-06-13,,,,,,Публичный источник из web search; телефоны/email/имена не копировались.
L002,Terapiakrasoty — Стоматология,стоматология,"Москва, Россия",https://terapiakrasoty.ru/stomatologia,онлайн-запись/форма заявки,администратор/владелец (роль; персональные данные не собирались),https://terapiakrasoty.ru/stomatologia,"дорогие входящие заявки, администратор может терять обращения вне рабочего времени; нужен быстрый сбор услуги, боли и времени записи",показать сценарий «услуга/боль → 5 вопросов → удобное время → заявка администратору»,5,new,lead-research-agent,,"Перед касанием вручную открыть публичный источник, подтвердить актуальность и использовать только approved outreach-script; сейчас не отправлять.",2026-06-13,,,,,,Публичный источник из web search; телефоны/email/имена не копировались.
L003,Авторская профессиональная стоматология SDS-Клиника в Санкт ...,стоматология,"Санкт-Петербург, Россия",https://sdsclinic.ru/,сайт/профиль с публичной формой или контактами,администратор/владелец (роль; персональные данные не собирались),https://sdsclinic.ru/,"дорогие входящие заявки, администратор может терять обращения вне рабочего времени; нужен быстрый сбор услуги, боли и времени записи",показать сценарий «услуга/боль → 5 вопросов → удобное время → заявка администратору»,4,new,lead-research-agent,,"Перед касанием вручную открыть публичный источник, подтвердить актуальность и использовать только approved outreach-script; сейчас не отправлять.",2026-06-13,,,,,,Публичный источник из web search; телефоны/email/имена не копировались.
L004,Архив Наша команда,стоматология,"Москва, Россия",https://belayamagiya-dent.ru/team/,онлайн-запись/форма заявки,администратор/владелец (роль; персональные данные не собирались),https://belayamagiya-dent.ru/team/,"дорогие входящие заявки, администратор может терять обращения вне рабочего времени; нужен быстрый сбор услуги, боли и времени записи",показать сценарий «услуга/боль → 5 вопросов → удобное время → заявка администратору»,5,new,lead-research-agent,,"Перед касанием вручную открыть публичный источник, подтвердить актуальность и использовать только approved outreach-script; сейчас не отправлять.",2026-06-13,,,,,,Публичный источник из web search; телефоны/email/имена не копировались.
L005,Городская стоматология,стоматология,"Казань, Россия",https://www.gorstom.ru/,сайт/профиль с публичной формой или контактами,администратор/владелец (роль; персональные данные не собирались),https://www.gorstom.ru/,"дорогие входящие заявки, администратор может терять обращения вне рабочего времени; нужен быстрый сбор услуги, боли и времени записи",показать сценарий «услуга/боль → 5 вопросов → удобное время → заявка администратору»,5,new,lead-research-agent,,"Перед касанием вручную открыть публичный источник, подтвердить актуальность и использовать только approved outreach-script; сейчас не отправлять.",2026-06-13,,,,,,Публичный источник из web search; телефоны/email/имена не копировались.
L006,Доктор Дрим,стоматология,"Казань, Россия",https://drdream.ru/,WhatsApp публично указан; онлайн-запись/форма заявки,администратор/владелец (роль; персональные данные не собирались),https://drdream.ru/,"дорогие входящие заявки, администратор может терять обращения вне рабочего времени; нужен быстрый сбор услуги, боли и времени записи",показать сценарий «услуга/боль → 5 вопросов → удобное время → заявка администратору»,5,new,lead-research-agent,,"Перед касанием вручную открыть публичный источник, подтвердить актуальность и использовать только approved outreach-script; сейчас не отправлять.",2026-06-13,,,,,,Публичный источник из web search; телефоны/email/имена не копировались.
L007,Зубная клиника в Санкт-Петербурге,стоматология,"Санкт-Петербург, Россия",https://zabotadent.ru/,онлайн-запись/форма заявки,администратор/владелец (роль; персональные данные не собирались),https://zabotadent.ru/,"дорогие входящие заявки, администратор может терять обращения вне рабочего времени; нужен быстрый сбор услуги, боли и времени записи",показать сценарий «услуга/боль → 5 вопросов → удобное время → заявка администратору»,5,new,lead-research-agent,,"Перед касанием вручную открыть публичный источник, подтвердить актуальность и использовать только approved outreach-script; сейчас не отправлять.",2026-06-13,,,,,,Публичный источник из web search; телефоны/email/имена не копировались.
L008,Имплантация зубов All-on-4 и All-on-6: зубы за 1 неделю,стоматология,"Москва, Россия",https://agami.ru/services/implantatsiya-all-on-4-i-all-on-6/,сайт/профиль с публичной формой или контактами,администратор/владелец (роль; персональные данные не собирались),https://agami.ru/services/implantatsiya-all-on-4-i-all-on-6/,"дорогие входящие заявки, администратор может терять обращения вне рабочего времени; нужен быстрый сбор услуги, боли и времени записи",показать сценарий «услуга/боль → 5 вопросов → удобное время → заявка администратору»,4,new,lead-research-agent,,"Перед касанием вручную открыть публичный источник, подтвердить актуальность и использовать только approved outreach-script; сейчас не отправлять.",2026-06-13,,,,,,Публичный источник из web search; телефоны/email/имена не копировались.
L009,"Профессиональная гигиена полости рта, цены на чистку зубов",стоматология,"Москва, Россия",https://ofs.team/uslugi/professionalnaya-gigiena/,сайт/профиль с публичной формой или контактами,администратор/владелец (роль; персональные данные не собирались),https://ofs.team/uslugi/professionalnaya-gigiena/,"дорогие входящие заявки, администратор может терять обращения вне рабочего времени; нужен быстрый сбор услуги, боли и времени записи",показать сценарий «услуга/боль → 5 вопросов → удобное время → заявка администратору»,4,new,lead-research-agent,,"Перед касанием вручную открыть публичный источник, подтвердить актуальность и использовать только approved outreach-script; сейчас не отправлять.",2026-06-13,,,,,,Публичный источник из web search; телефоны/email/имена не копировались.
L010,Сеть платных стоматологических клиник в Санкт-Петербурге ...,стоматология,"Санкт-Петербург, Россия",https://factorsmile.ru/,сайт/профиль с публичной формой или контактами,администратор/владелец (роль; персональные данные не собирались),https://factorsmile.ru/,"дорогие входящие заявки, администратор может терять обращения вне рабочего времени; нужен быстрый сбор услуги, боли и времени записи",показать сценарий «услуга/боль → 5 вопросов → удобное время → заявка администратору»,4,new,lead-research-agent,,"Перед касанием вручную открыть публичный источник, подтвердить актуальность и использовать только approved outreach-script; сейчас не отправлять.",2026-06-13,,,,,,Публичный источник из web search; телефоны/email/имена не копировались.
L011,"Стоматологическая клиника ""DENT DESIGN """,стоматология,"Санкт-Петербург, Россия",https://dentdesign-spb.ru/,сайт/профиль с публичной формой или контактами,администратор/владелец (роль; персональные данные не собирались),https://dentdesign-spb.ru/,"дорогие входящие заявки, администратор может терять обращения вне рабочего времени; нужен быстрый сбор услуги, боли и времени записи",показать сценарий «услуга/боль → 5 вопросов → удобное время → заявка администратору»,4,new,lead-research-agent,,"Перед касанием вручную открыть публичный источник, подтвердить актуальность и использовать только approved outreach-script; сейчас не отправлять.",2026-06-13,,,,,,Публичный источник из web search; телефоны/email/имена не копировались.
L012,Стоматологический центр ортодонтии и гнатологии в Москве...,стоматология,"Москва, Россия",https://ortognatika.ru/,сайт/профиль с публичной формой или контактами,администратор/владелец (роль; персональные данные не собирались),https://ortognatika.ru/,"дорогие входящие заявки, администратор может терять обращения вне рабочего времени; нужен быстрый сбор услуги, боли и времени записи",показать сценарий «услуга/боль → 5 вопросов → удобное время → заявка администратору»,4,new,lead-research-agent,,"Перед касанием вручную открыть публичный источник, подтвердить актуальность и использовать только approved outreach-script; сейчас не отправлять.",2026-06-13,,,,,,Публичный источник из web search; телефоны/email/имена не копировались.
L013,Стоматология Dental Mania лечение зубов и имплантация в Москве,стоматология,"Москва, Россия",https://dentalmania.ru/,онлайн-запись/форма заявки,администратор/владелец (роль; персональные данные не собирались),https://dentalmania.ru/,"дорогие входящие заявки, администратор может терять обращения вне рабочего времени; нужен быстрый сбор услуги, боли и времени записи",показать сценарий «услуга/боль → 5 вопросов → удобное время → заявка администратору»,5,new,lead-research-agent,,"Перед касанием вручную открыть публичный источник, подтвердить актуальность и использовать только approved outreach-script; сейчас не отправлять.",2026-06-13,,,,,,Публичный источник из web search; телефоны/email/имена не копировались.
L014,Стоматология Денс,стоматология,"Казань, Россия",https://dens-clinic.ru/,онлайн-запись/форма заявки,администратор/владелец (роль; персональные данные не собирались),https://dens-clinic.ru/,"дорогие входящие заявки, администратор может терять обращения вне рабочего времени; нужен быстрый сбор услуги, боли и времени записи",показать сценарий «услуга/боль → 5 вопросов → удобное время → заявка администратору»,5,new,lead-research-agent,,"Перед касанием вручную открыть публичный источник, подтвердить актуальность и использовать только approved outreach-script; сейчас не отправлять.",2026-06-13,,,,,,Публичный источник из web search; телефоны/email/имена не копировались.
L015,Стоматология Зуб.ру,стоматология,"Москва, Россия",https://zub.ru/,онлайн-запись/форма заявки,администратор/владелец (роль; персональные данные не собирались),https://zub.ru/,"дорогие входящие заявки, администратор может терять обращения вне рабочего времени; нужен быстрый сбор услуги, боли и времени записи",показать сценарий «услуга/боль → 5 вопросов → удобное время → заявка администратору»,5,new,lead-research-agent,,"Перед касанием вручную открыть публичный источник, подтвердить актуальность и использовать только approved outreach-script; сейчас не отправлять.",2026-06-13,,,,,,Публичный источник из web search; телефоны/email/имена не копировались.
L016,Стоматология в Санкт-Петербурге Вероника,стоматология,"Санкт-Петербург, Россия",https://veronica.ru/,онлайн-запись/форма заявки,администратор/владелец (роль; персональные данные не собирались),https://veronica.ru/,"дорогие входящие заявки, администратор может терять обращения вне рабочего времени; нужен быстрый сбор услуги, боли и времени записи",показать сценарий «услуга/боль → 5 вопросов → удобное время → заявка администратору»,5,new,lead-research-agent,,"Перед касанием вручную открыть публичный источник, подтвердить актуальность и использовать только approved outreach-script; сейчас не отправлять.",2026-06-13,,,,,,Публичный источник из web search; телефоны/email/имена не копировались.
L017,"Стоматология на Гончарной, 27",стоматология,"Санкт-Петербург, Россия",https://32stoma.ru/,онлайн-запись/форма заявки,администратор/владелец (роль; персональные данные не собирались),https://32stoma.ru/,"дорогие входящие заявки, администратор может терять обращения вне рабочего времени; нужен быстрый сбор услуги, боли и времени записи",показать сценарий «услуга/боль → 5 вопросов → удобное время → заявка администратору»,5,new,lead-research-agent,,"Перед касанием вручную открыть публичный источник, подтвердить актуальность и использовать только approved outreach-script; сейчас не отправлять.",2026-06-13,,,,,,Публичный источник из web search; телефоны/email/имена не копировались.
L018,Стоматология с Улыбкой Time to Smile,стоматология,"Санкт-Петербург, Россия",https://timetosmile.ru/,сайт/профиль с публичной формой или контактами,администратор/владелец (роль; персональные данные не собирались),https://timetosmile.ru/,"дорогие входящие заявки, администратор может терять обращения вне рабочего времени; нужен быстрый сбор услуги, боли и времени записи",показать сценарий «услуга/боль → 5 вопросов → удобное время → заявка администратору»,4,new,lead-research-agent,,"Перед касанием вручную открыть публичный источник, подтвердить актуальность и использовать только approved outreach-script; сейчас не отправлять.",2026-06-13,,,,,,Публичный источник из web search; телефоны/email/имена не копировались.
L019,"Услуги стоматологической клиники| г. Москва, N-CLINIC",стоматология,"Москва, Россия",https://n-clinic2016.ru/,онлайн-запись/форма заявки,администратор/владелец (роль; персональные данные не собирались),https://n-clinic2016.ru/,"дорогие входящие заявки, администратор может терять обращения вне рабочего времени; нужен быстрый сбор услуги, боли и времени записи",показать сценарий «услуга/боль → 5 вопросов → удобное время → заявка администратору»,5,new,lead-research-agent,,"Перед касанием вручную открыть публичный источник, подтвердить актуальность и использовать только approved outreach-script; сейчас не отправлять.",2026-06-13,,,,,,Публичный источник из web search; телефоны/email/имена не копировались.
L020,современная стоматологическая клиника в Санкт-Петербурге,стоматология,"Санкт-Петербург, Россия",https://m-stom.com/,онлайн-запись/форма заявки,администратор/владелец (роль; персональные данные не собирались),https://m-stom.com/,"дорогие входящие заявки, администратор может терять обращения вне рабочего времени; нужен быстрый сбор услуги, боли и времени записи",показать сценарий «услуга/боль → 5 вопросов → удобное время → заявка администратору»,5,new,lead-research-agent,,"Перед касанием вручную открыть публичный источник, подтвердить актуальность и использовать только approved outreach-script; сейчас не отправлять.",2026-06-13,,,,,,Публичный источник из web search; телефоны/email/имена не копировались.
L021,Hadassah Moscow,частная клиника,"Москва, Россия",https://hadassah.moscow/,онлайн-запись/форма заявки,администратор/владелец (роль; персональные данные не собирались),https://hadassah.moscow/,много однотипных вопросов до записи; важно не потерять пациента и передать администратору структурированную заявку,"показать безопасный сценарий «услуга → удобное время → контакты → администратор», без медконсультаций",5,new,lead-research-agent,,"Перед касанием вручную открыть публичный источник, подтвердить актуальность и использовать только approved outreach-script; сейчас не отправлять.",2026-06-13,,,,,,Публичный источник из web search; телефоны/email/имена не копировались.
L022,Адамант Медицинская Клиника,частная клиника,"Санкт-Петербург, Россия",https://amclinic.ru/,сайт/профиль с публичной формой или контактами,администратор/владелец (роль; персональные данные не собирались),https://amclinic.ru/,много однотипных вопросов до записи; важно не потерять пациента и передать администратору структурированную заявку,"показать безопасный сценарий «услуга → удобное время → контакты → администратор», без медконсультаций",4,new,lead-research-agent,,"Перед касанием вручную открыть публичный источник, подтвердить актуальность и использовать только approved outreach-script; сейчас не отправлять.",2026-06-13,,,,,,Публичный источник из web search; телефоны/email/имена не копировались.
L023,Как записаться на обследование в Медицинский центр...,частная клиника,"Санкт-Петербург, Россия",https://vk.com/wall-172183363_2332,онлайн-запись/форма заявки; VK,администратор/владелец (роль; персональные данные не собирались),https://vk.com/wall-172183363_2332,много однотипных вопросов до записи; важно не потерять пациента и передать администратору структурированную заявку,"показать безопасный сценарий «услуга → удобное время → контакты → администратор», без медконсультаций",5,new,lead-research-agent,,"Перед касанием вручную открыть публичный источник, подтвердить актуальность и использовать только approved outreach-script; сейчас не отправлять.",2026-06-13,,,,,,Публичный источник из web search; телефоны/email/имена не копировались.
L024,Клиника «Будь Здоров» в Москве,частная клиника,"Москва, Россия",https://klinikabudzdorov.ru/,WhatsApp публично указан; Telegram публично указан; онлайн-запись/форма заявки,администратор/владелец (роль; персональные данные не собирались),https://klinikabudzdorov.ru/,много однотипных вопросов до записи; важно не потерять пациента и передать администратору структурированную заявку,"показать безопасный сценарий «услуга → удобное время → контакты → администратор», без медконсультаций",5,new,lead-research-agent,,"Перед касанием вручную открыть публичный источник, подтвердить актуальность и использовать только approved outreach-script; сейчас не отправлять.",2026-06-13,,,,,,Публичный источник из web search; телефоны/email/имена не копировались.
L025,Клиника «Будь Здоров» в СПб,частная клиника,"Санкт-Петербург, Россия",https://spb.klinikabudzdorov.ru/,WhatsApp публично указан; Telegram публично указан; онлайн-запись/форма заявки,администратор/владелец (роль; персональные данные не собирались),https://spb.klinikabudzdorov.ru/,много однотипных вопросов до записи; важно не потерять пациента и передать администратору структурированную заявку,"показать безопасный сценарий «услуга → удобное время → контакты → администратор», без медконсультаций",5,new,lead-research-agent,,"Перед касанием вручную открыть публичный источник, подтвердить актуальность и использовать только approved outreach-script; сейчас не отправлять.",2026-06-13,,,,,,Публичный источник из web search; телефоны/email/имена не копировались.
L026,Клиника «Можно». Персонализированная психиатрия...,частная клиника,"Москва, Россия",https://mozhno.clinic/,онлайн-запись/форма заявки,администратор/владелец (роль; персональные данные не собирались),https://mozhno.clinic/,много однотипных вопросов до записи; важно не потерять пациента и передать администратору структурированную заявку,"показать безопасный сценарий «услуга → удобное время → контакты → администратор», без медконсультаций",5,new,lead-research-agent,,"Перед касанием вручную открыть публичный источник, подтвердить актуальность и использовать только approved outreach-script; сейчас не отправлять.",2026-06-13,,,,,,Публичный источник из web search; телефоны/email/имена не копировались.
L027,Клиника ОСНОВА,частная клиника,"Санкт-Петербург, Россия",https://osnova-clinic.ru/,сайт/профиль с публичной формой или контактами,администратор/владелец (роль; персональные данные не собирались),https://osnova-clinic.ru/,много однотипных вопросов до записи; важно не потерять пациента и передать администратору структурированную заявку,"показать безопасный сценарий «услуга → удобное время → контакты → администратор», без медконсультаций",4,new,lead-research-agent,,"Перед касанием вручную открыть публичный источник, подтвердить актуальность и использовать только approved outreach-script; сейчас не отправлять.",2026-06-13,,,,,,Публичный источник из web search; телефоны/email/имена не копировались.
L028,"Клиника внимательной медицины ""Скандинавия""",частная клиника,"Казань, Россия",https://ava-kazan.ru/,онлайн-запись/форма заявки,администратор/владелец (роль; персональные данные не собирались),https://ava-kazan.ru/,много однотипных вопросов до записи; важно не потерять пациента и передать администратору структурированную заявку,"показать безопасный сценарий «услуга → удобное время → контакты → администратор», без медконсультаций",5,new,lead-research-agent,,"Перед касанием вручную открыть публичный источник, подтвердить актуальность и использовать только approved outreach-script; сейчас не отправлять.",2026-06-13,,,,,,Публичный источник из web search; телефоны/email/имена не копировались.
L029,Клиника эстетической косметологии Лазерный Доктор,частная клиника,"Санкт-Петербург, Россия",https://laserdoctor.ru/,онлайн-запись/форма заявки,администратор/владелец (роль; персональные данные не собирались),https://laserdoctor.ru/,много однотипных вопросов до записи; важно не потерять пациента и передать администратору структурированную заявку,"показать безопасный сценарий «услуга → удобное время → контакты → администратор», без медконсультаций",5,new,lead-research-agent,,"Перед касанием вручную открыть публичный источник, подтвердить актуальность и использовать только approved outreach-script; сейчас не отправлять.",2026-06-13,,,,,,Публичный источник из web search; телефоны/email/имена не копировались.
L030,Лечение тревоги и депрессии в Москве,частная клиника,"Москва, Россия",https://naturemind.ru/,сайт/профиль с публичной формой или контактами,администратор/владелец (роль; персональные данные не собирались),https://naturemind.ru/,много однотипных вопросов до записи; важно не потерять пациента и передать администратору структурированную заявку,"показать безопасный сценарий «услуга → удобное время → контакты → администратор», без медконсультаций",5,new,lead-research-agent,,"Перед касанием вручную открыть публичный источник, подтвердить актуальность и использовать только approved outreach-script; сейчас не отправлять.",2026-06-13,,,,,,Публичный источник из web search; телефоны/email/имена не копировались.
L031,Медицинский центр «XXI век»,частная клиника,"Санкт-Петербург, Россия",https://mc21.ru/,онлайн-запись/форма заявки,администратор/владелец (роль; персональные данные не собирались),https://mc21.ru/,много однотипных вопросов до записи; важно не потерять пациента и передать администратору структурированную заявку,"показать безопасный сценарий «услуга → удобное время → контакты → администратор», без медконсультаций",5,new,lead-research-agent,,"Перед касанием вручную открыть публичный источник, подтвердить актуальность и использовать только approved outreach-script; сейчас не отправлять.",2026-06-13,,,,,,Публичный источник из web search; телефоны/email/имена не копировались.
L032,"Медицинский центр «Разумед», Казань",частная клиника,"Казань, Россия",https://razumed.su/,онлайн-запись/форма заявки,администратор/владелец (роль; персональные данные не собирались),https://razumed.su/,много однотипных вопросов до записи; важно не потерять пациента и передать администратору структурированную заявку,"показать безопасный сценарий «услуга → удобное время → контакты → администратор», без медконсультаций",5,new,lead-research-agent,,"Перед касанием вручную открыть публичный источник, подтвердить актуальность и использовать только approved outreach-script; сейчас не отправлять.",2026-06-13,,,,,,Публичный источник из web search; телефоны/email/имена не копировались.
L033,Медицинский центр «СМ Клиника»,частная клиника,"Москва, Россия",https://www.smclinic.ru/,онлайн-запись/форма заявки,администратор/владелец (роль; персональные данные не собирались),https://www.smclinic.ru/,много однотипных вопросов до записи; важно не потерять пациента и передать администратору структурированную заявку,"показать безопасный сценарий «услуга → удобное время → контакты → администратор», без медконсультаций",5,new,lead-research-agent,,"Перед касанием вручную открыть публичный источник, подтвердить актуальность и использовать только approved outreach-script; сейчас не отправлять.",2026-06-13,,,,,,Публичный источник из web search; телефоны/email/имена не копировались.
L034,Медфрендс,частная клиника,"Москва, Россия",https://mfclinic.ru/,онлайн-запись/форма заявки,администратор/владелец (роль; персональные данные не собирались),https://mfclinic.ru/,много однотипных вопросов до записи; важно не потерять пациента и передать администратору структурированную заявку,"показать безопасный сценарий «услуга → удобное время → контакты → администратор», без медконсультаций",5,new,lead-research-agent,,"Перед касанием вручную открыть публичный источник, подтвердить актуальность и использовать только approved outreach-script; сейчас не отправлять.",2026-06-13,,,,,,Публичный источник из web search; телефоны/email/имена не копировались.
L035,Многопрофильный медицинский центр в Москве,частная клиника,"Москва, Россия",https://www.major-clinic.ru/,сайт/профиль с публичной формой или контактами,администратор/владелец (роль; персональные данные не собирались),https://www.major-clinic.ru/,много однотипных вопросов до записи; важно не потерять пациента и передать администратору структурированную заявку,"показать безопасный сценарий «услуга → удобное время → контакты → администратор», без медконсультаций",4,new,lead-research-agent,,"Перед касанием вручную открыть публичный источник, подтвердить актуальность и использовать только approved outreach-script; сейчас не отправлять.",2026-06-13,,,,,,Публичный источник из web search; телефоны/email/имена не копировались.
L036,Семейная клиника «Доктор АННА»,частная клиника,"Москва, Россия",https://doctor-anna.ru/,онлайн-запись/форма заявки,администратор/владелец (роль; персональные данные не собирались),https://doctor-anna.ru/,много однотипных вопросов до записи; важно не потерять пациента и передать администратору структурированную заявку,"показать безопасный сценарий «услуга → удобное время → контакты → администратор», без медконсультаций",5,new,lead-research-agent,,"Перед касанием вручную открыть публичный источник, подтвердить актуальность и использовать только approved outreach-script; сейчас не отправлять.",2026-06-13,,,,,,Публичный источник из web search; телефоны/email/имена не копировались.
L037,Специализированная клиника в Санкт-Петербурге...,частная клиника,"Санкт-Петербург, Россия",https://lmtdoctor.ru/,онлайн-запись/форма заявки,администратор/владелец (роль; персональные данные не собирались),https://lmtdoctor.ru/,много однотипных вопросов до записи; важно не потерять пациента и передать администратору структурированную заявку,"показать безопасный сценарий «услуга → удобное время → контакты → администратор», без медконсультаций",5,new,lead-research-agent,,"Перед касанием вручную открыть публичный источник, подтвердить актуальность и использовать только approved outreach-script; сейчас не отправлять.",2026-06-13,,,,,,Публичный источник из web search; телефоны/email/имена не копировались.
L038,Частная медицинская клиника в Санкт-Петербурге...,частная клиника,"Санкт-Петербург, Россия",https://medcenter3.ru/,сайт/профиль с публичной формой или контактами,администратор/владелец (роль; персональные данные не собирались),https://medcenter3.ru/,много однотипных вопросов до записи; важно не потерять пациента и передать администратору структурированную заявку,"показать безопасный сценарий «услуга → удобное время → контакты → администратор», без медконсультаций",4,new,lead-research-agent,,"Перед касанием вручную открыть публичный источник, подтвердить актуальность и использовать только approved outreach-script; сейчас не отправлять.",2026-06-13,,,,,,Публичный источник из web search; телефоны/email/имена не копировались.
L039,Частная семейная клиника,частная клиника,"Москва, Россия",https://www.medicina.ru/,сайт/профиль с публичной формой или контактами,администратор/владелец (роль; персональные данные не собирались),https://www.medicina.ru/,много однотипных вопросов до записи; важно не потерять пациента и передать администратору структурированную заявку,"показать безопасный сценарий «услуга → удобное время → контакты → администратор», без медконсультаций",4,new,lead-research-agent,,"Перед касанием вручную открыть публичный источник, подтвердить актуальность и использовать только approved outreach-script; сейчас не отправлять.",2026-06-13,,,,,,Публичный источник из web search; телефоны/email/имена не копировались.
L040,Юсуповская Больница в Москве,частная клиника,"Москва, Россия",https://yusupovs.com/,онлайн-запись/форма заявки,администратор/владелец (роль; персональные данные не собирались),https://yusupovs.com/,много однотипных вопросов до записи; важно не потерять пациента и передать администратору структурированную заявку,"показать безопасный сценарий «услуга → удобное время → контакты → администратор», без медконсультаций",5,new,lead-research-agent,,"Перед касанием вручную открыть публичный источник, подтвердить актуальность и использовать только approved outreach-script; сейчас не отправлять.",2026-06-13,,,,,,Публичный источник из web search; телефоны/email/имена не копировались.
L041,Анатомия,косметология,"Москва, Россия",https://www.anatomia-clinic.ru/,WhatsApp публично указан; Telegram публично указан,администратор/владелец (роль; персональные данные не собирались),https://www.anatomia-clinic.ru/,"клиент выбирает процедуру через вопросы в мессенджере; бот может собрать желаемую услугу, окно записи и противопоказания без медсоветов",показать сценарий «процедура → удобное окно → противопоказания чекбоксом → заявка администратору»,5,new,lead-research-agent,,"Перед касанием вручную открыть публичный источник, подтвердить актуальность и использовать только approved outreach-script; сейчас не отправлять.",2026-06-13,,,,,,Публичный источник из web search; телефоны/email/имена не копировались.
L042,Клиника косметологии в Москве: косметологические...,косметология,"Москва, Россия",https://buntclinic.ru/,сайт/профиль с публичной формой или контактами,администратор/владелец (роль; персональные данные не собирались),https://buntclinic.ru/,"клиент выбирает процедуру через вопросы в мессенджере; бот может собрать желаемую услугу, окно записи и противопоказания без медсоветов",показать сценарий «процедура → удобное окно → противопоказания чекбоксом → заявка администратору»,4,new,lead-research-agent,,"Перед касанием вручную открыть публичный источник, подтвердить актуальность и использовать только approved outreach-script; сейчас не отправлять.",2026-06-13,,,,,,Публичный источник из web search; телефоны/email/имена не копировались.
L043,Косметология на Бауманской в Москве,косметология,"Москва, Россия",https://olaclinic.ru/,онлайн-запись/форма заявки,администратор/владелец (роль; персональные данные не собирались),https://olaclinic.ru/,"клиент выбирает процедуру через вопросы в мессенджере; бот может собрать желаемую услугу, окно записи и противопоказания без медсоветов",показать сценарий «процедура → удобное окно → противопоказания чекбоксом → заявка администратору»,5,new,lead-research-agent,,"Перед касанием вручную открыть публичный источник, подтвердить актуальность и использовать только approved outreach-script; сейчас не отправлять.",2026-06-13,,,,,,Публичный источник из web search; телефоны/email/имена не копировались.
L044,Медицинский центр косметологии и красоты «Я Люблю»,косметология,"Москва, Россия",https://ilove.clinic/,онлайн-запись/форма заявки,администратор/владелец (роль; персональные данные не собирались),https://ilove.clinic/,"клиент выбирает процедуру через вопросы в мессенджере; бот может собрать желаемую услугу, окно записи и противопоказания без медсоветов",показать сценарий «процедура → удобное окно → противопоказания чекбоксом → заявка администратору»,5,new,lead-research-agent,,"Перед касанием вручную открыть публичный источник, подтвердить актуальность и использовать только approved outreach-script; сейчас не отправлять.",2026-06-13,,,,,,Публичный источник из web search; телефоны/email/имена не копировались.
L045,"Салон красоты ОК метро Отрадное, Москва, ул. Бестужевых, д. 27а",косметология,"Москва, Россия",https://okotradnoe.ru/,WhatsApp публично указан; онлайн-запись/форма заявки,администратор/владелец (роль; персональные данные не собирались),https://okotradnoe.ru/,"клиент выбирает процедуру через вопросы в мессенджере; бот может собрать желаемую услугу, окно записи и противопоказания без медсоветов",показать сценарий «процедура → удобное окно → противопоказания чекбоксом → заявка администратору»,5,new,lead-research-agent,,"Перед касанием вручную открыть публичный источник, подтвердить актуальность и использовать только approved outreach-script; сейчас не отправлять.",2026-06-13,,,,,,Публичный источник из web search; телефоны/email/имена не копировались.
L046,Салон красоты на Войковской Runway Beauty,косметология,"Москва, Россия",https://rwbeauty.ru/,сайт/профиль с публичной формой или контактами,администратор/владелец (роль; персональные данные не собирались),https://rwbeauty.ru/,"клиент выбирает процедуру через вопросы в мессенджере; бот может собрать желаемую услугу, окно записи и противопоказания без медсоветов",показать сценарий «процедура → удобное окно → противопоказания чекбоксом → заявка администратору»,4,new,lead-research-agent,,"Перед касанием вручную открыть публичный источник, подтвердить актуальность и использовать только approved outreach-script; сейчас не отправлять.",2026-06-13,,,,,,Публичный источник из web search; телефоны/email/имена не копировались.
L047,Салон эпиляции и косметологии в Москве,косметология,"Москва, Россия",https://bodymed.online/,WhatsApp публично указан; Telegram публично указан,администратор/владелец (роль; персональные данные не собирались),https://bodymed.online/,"клиент выбирает процедуру через вопросы в мессенджере; бот может собрать желаемую услугу, окно записи и противопоказания без медсоветов",показать сценарий «процедура → удобное окно → противопоказания чекбоксом → заявка администратору»,5,new,lead-research-agent,,"Перед касанием вручную открыть публичный источник, подтвердить актуальность и использовать только approved outreach-script; сейчас не отправлять.",2026-06-13,,,,,,Публичный источник из web search; телефоны/email/имена не копировались.
L048,"Сеть клиник пластической хирургии и косметологии Frau Klinik""",косметология,"Москва, Россия",https://www.frauklinik.ru/,сайт/профиль с публичной формой или контактами,администратор/владелец (роль; персональные данные не собирались),https://www.frauklinik.ru/,"клиент выбирает процедуру через вопросы в мессенджере; бот может собрать желаемую услугу, окно записи и противопоказания без медсоветов",показать сценарий «процедура → удобное окно → противопоказания чекбоксом → заявка администратору»,4,new,lead-research-agent,,"Перед касанием вручную открыть публичный источник, подтвердить актуальность и использовать только approved outreach-script; сейчас не отправлять.",2026-06-13,,,,,,Публичный источник из web search; телефоны/email/имена не копировались.
L049,"Центр здоровья и красоты ""Океан смыслов"" в Москве",косметология,"Москва, Россия",https://oceanstudia.ru/,онлайн-запись/форма заявки,администратор/владелец (роль; персональные данные не собирались),https://oceanstudia.ru/,"клиент выбирает процедуру через вопросы в мессенджере; бот может собрать желаемую услугу, окно записи и противопоказания без медсоветов",показать сценарий «процедура → удобное окно → противопоказания чекбоксом → заявка администратору»,5,new,lead-research-agent,,"Перед касанием вручную открыть публичный источник, подтвердить актуальность и использовать только approved outreach-script; сейчас не отправлять.",2026-06-13,,,,,,Публичный источник из web search; телефоны/email/имена не копировались.
L050,"Эссет Москва, Орджоникидзе 12с4, 1208",косметология,"Москва, Россия",https://dikidi.ru/ru/profile/esset_2090669,WhatsApp публично указан; онлайн-запись/форма заявки,администратор/владелец (роль; персональные данные не собирались),https://dikidi.ru/ru/profile/esset_2090669,"клиент выбирает процедуру через вопросы в мессенджере; бот может собрать желаемую услугу, окно записи и противопоказания без медсоветов",показать сценарий «процедура → удобное окно → противопоказания чекбоксом → заявка администратору»,5,new,lead-research-agent,,"Перед касанием вручную открыть публичный источник, подтвердить актуальность и использовать только approved outreach-script; сейчас не отправлять.",2026-06-13,,,,,,Публичный источник из web search; телефоны/email/имена не копировались.
L051,DANCE & BEAUTY,салон красоты,"Москва, Россия",https://dancebeauty.ru/,WhatsApp публично указан,администратор/владелец (роль; персональные данные не собирались),https://dancebeauty.ru/,"запись часто идёт через мессенджеры; бот может уточнить услугу, мастера и время, не перегружая администратора",показать сценарий быстрой записи в мессенджере по услуге/мастеру/времени,4,new,lead-research-agent,,"Перед касанием вручную открыть публичный источник, подтвердить актуальность и использовать только approved outreach-script; сейчас не отправлять.",2026-06-13,,,,,,Публичный источник из web search; телефоны/email/имена не копировались.
L052,KhoninDementeva Салон красоты,салон красоты,"Москва, Россия",https://vk.com/khonindementeva,WhatsApp публично указан; онлайн-запись/форма заявки; VK,администратор/владелец (роль; персональные данные не собирались),https://vk.com/khonindementeva,"запись часто идёт через мессенджеры; бот может уточнить услугу, мастера и время, не перегружая администратора",показать сценарий быстрой записи в мессенджере по услуге/мастеру/времени,4,new,lead-research-agent,,"Перед касанием вручную открыть публичный источник, подтвердить актуальность и использовать только approved outreach-script; сейчас не отправлять.",2026-06-13,,,,,,Публичный источник из web search; телефоны/email/имена не копировались.
L053,Онлайн запись,салон красоты,"Москва, Россия",https://primenailbar.ru/,сайт/профиль с публичной формой или контактами,администратор/владелец (роль; персональные данные не собирались),https://primenailbar.ru/,"запись часто идёт через мессенджеры; бот может уточнить услугу, мастера и время, не перегружая администратора",показать сценарий быстрой записи в мессенджере по услуге/мастеру/времени,3,nurture,lead-research-agent,,"Перед касанием вручную открыть публичный источник, подтвердить актуальность и использовать только approved outreach-script; сейчас не отправлять.",2026-06-13,,,,,,Публичный источник из web search; телефоны/email/имена не копировались.
L054,Салон красоты ТИШЕ,салон красоты,"Москва, Россия",https://tishemsk.ru/,сайт/профиль с публичной формой или контактами,администратор/владелец (роль; персональные данные не собирались),https://tishemsk.ru/,"запись часто идёт через мессенджеры; бот может уточнить услугу, мастера и время, не перегружая администратора",показать сценарий быстрой записи в мессенджере по услуге/мастеру/времени,3,nurture,lead-research-agent,,"Перед касанием вручную открыть публичный источник, подтвердить актуальность и использовать только approved outreach-script; сейчас не отправлять.",2026-06-13,,,,,,Публичный источник из web search; телефоны/email/имена не копировались.
L055,Сеть салонов красоты EVA PILOYAN,салон красоты,"Москва, Россия",https://evapiloyan.ru/,сайт/профиль с публичной формой или контактами,администратор/владелец (роль; персональные данные не собирались),https://evapiloyan.ru/,"запись часто идёт через мессенджеры; бот может уточнить услугу, мастера и время, не перегружая администратора",показать сценарий быстрой записи в мессенджере по услуге/мастеру/времени,3,nurture,lead-research-agent,,"Перед касанием вручную открыть публичный источник, подтвердить актуальность и использовать только approved outreach-script; сейчас не отправлять.",2026-06-13,,,,,,Публичный источник из web search; телефоны/email/имена не копировались.
L056,ЦVЕТИ САЛОН КРАСОТЫ,салон красоты,"Москва, Россия",https://tsvetibeauty.ru/,онлайн-запись/форма заявки,администратор/владелец (роль; персональные данные не собирались),https://tsvetibeauty.ru/,"запись часто идёт через мессенджеры; бот может уточнить услугу, мастера и время, не перегружая администратора",показать сценарий быстрой записи в мессенджере по услуге/мастеру/времени,4,new,lead-research-agent,,"Перед касанием вручную открыть публичный источник, подтвердить актуальность и использовать только approved outreach-script; сейчас не отправлять.",2026-06-13,,,,,,Публичный источник из web search; телефоны/email/имена не копировались.
L057,Центр Красоты НОЛА на Павелецкой,салон красоты,"Москва, Россия",https://nola.ru/,сайт/профиль с публичной формой или контактами,администратор/владелец (роль; персональные данные не собирались),https://nola.ru/,"запись часто идёт через мессенджеры; бот может уточнить услугу, мастера и время, не перегружая администратора",показать сценарий быстрой записи в мессенджере по услуге/мастеру/времени,3,nurture,lead-research-agent,,"Перед касанием вручную открыть публичный источник, подтвердить актуальность и использовать только approved outreach-script; сейчас не отправлять.",2026-06-13,,,,,,Публичный источник из web search; телефоны/email/имена не копировались.
L058,Britvabarber — Главная,барбершоп,"Москва, Россия",https://britvabarber.ru/,онлайн-запись/форма заявки,администратор/владелец (роль; персональные данные не собирались),https://britvabarber.ru/,повторные записи и выбор слота; бот может принять заявку и передать администратору без пропуска сообщений,показать сценарий повторной записи и выбора слота без ожидания ответа администратора,4,new,lead-research-agent,,"Перед касанием вручную открыть публичный источник, подтвердить актуальность и использовать только approved outreach-script; сейчас не отправлять.",2026-06-13,,,,,,Публичный источник из web search; телефоны/email/имена не копировались.
L059,БАРБЕРШОП FABRIC13,барбершоп,"Москва, Россия",https://vk.com/fabric13barber,WhatsApp публично указан; онлайн-запись/форма заявки; VK,администратор/владелец (роль; персональные данные не собирались),https://vk.com/fabric13barber,повторные записи и выбор слота; бот может принять заявку и передать администратору без пропуска сообщений,показать сценарий повторной записи и выбора слота без ожидания ответа администратора,4,new,lead-research-agent,,"Перед касанием вручную открыть публичный источник, подтвердить актуальность и использовать только approved outreach-script; сейчас не отправлять.",2026-06-13,,,,,,Публичный источник из web search; телефоны/email/имена не копировались.
L060,Барбершоп в Москве цены записаться на стрижку рядом онлайн,барбершоп,"Москва, Россия",https://firmbarbershop.ru/,онлайн-запись/форма заявки,администратор/владелец (роль; персональные данные не собирались),https://firmbarbershop.ru/,повторные записи и выбор слота; бот может принять заявку и передать администратору без пропуска сообщений,показать сценарий повторной записи и выбора слота без ожидания ответа администратора,4,new,lead-research-agent,,"Перед касанием вручную открыть публичный источник, подтвердить актуальность и использовать только approved outreach-script; сейчас не отправлять.",2026-06-13,,,,,,Публичный источник из web search; телефоны/email/имена не копировались.
L061,Brilliant Detail,детейлинг,"Москва, Россия",https://brilliant-detail.ru/,WhatsApp публично указан,администратор/владелец (роль; персональные данные не собирались),https://brilliant-detail.ru/,"заявка требует уточнить авто, услугу и желаемую дату; бот экономит время менеджера и повышает скорость ответа",показать сценарий «марка авто → услуга → фото/комментарий → дата»,5,new,lead-research-agent,,"Перед касанием вручную открыть публичный источник, подтвердить актуальность и использовать только approved outreach-script; сейчас не отправлять.",2026-06-13,,,,,,Публичный источник из web search; телефоны/email/имена не копировались.
L062,Бронь лобаша ЗАПИСЫВАЙСЯ по Тел. или WhatsApp...,детейлинг,"Москва, Россия",https://vk.com/wall-213041556_26,онлайн-запись/форма заявки; VK,администратор/владелец (роль; персональные данные не собирались),https://vk.com/wall-213041556_26,"заявка требует уточнить авто, услугу и желаемую дату; бот экономит время менеджера и повышает скорость ответа",показать сценарий «марка авто → услуга → фото/комментарий → дата»,5,new,lead-research-agent,,"Перед касанием вручную открыть публичный источник, подтвердить актуальность и использовать только approved outreach-script; сейчас не отправлять.",2026-06-13,,,,,,Публичный источник из web search; телефоны/email/имена не копировались.
L063,Детейлинг авто,детейлинг,"Москва, Россия",https://detailing-on.ru/,сайт/профиль с публичной формой или контактами,администратор/владелец (роль; персональные данные не собирались),https://detailing-on.ru/,"заявка требует уточнить авто, услугу и желаемую дату; бот экономит время менеджера и повышает скорость ответа",показать сценарий «марка авто → услуга → фото/комментарий → дата»,4,new,lead-research-agent,,"Перед касанием вручную открыть публичный источник, подтвердить актуальность и использовать только approved outreach-script; сейчас не отправлять.",2026-06-13,,,,,,Публичный источник из web search; телефоны/email/имена не копировались.
L064,"Детейлинг центр в Москве, профессиональная студия DOTCARS",детейлинг,"Москва, Россия",https://dotcars.ru/,онлайн-запись/форма заявки,администратор/владелец (роль; персональные данные не собирались),https://dotcars.ru/,"заявка требует уточнить авто, услугу и желаемую дату; бот экономит время менеджера и повышает скорость ответа",показать сценарий «марка авто → услуга → фото/комментарий → дата»,5,new,lead-research-agent,,"Перед касанием вручную открыть публичный источник, подтвердить актуальность и использовать только approved outreach-script; сейчас не отправлять.",2026-06-13,,,,,,Публичный источник из web search; телефоны/email/имена не копировались.
L065,"Детейлинг центр, мойка автомобиля в Москве, СПб, Казани...",детейлинг,"Москва, Россия",https://carbase-dc.ru/,WhatsApp публично указан; онлайн-запись/форма заявки,администратор/владелец (роль; персональные данные не собирались),https://carbase-dc.ru/,"заявка требует уточнить авто, услугу и желаемую дату; бот экономит время менеджера и повышает скорость ответа",показать сценарий «марка авто → услуга → фото/комментарий → дата»,5,new,lead-research-agent,,"Перед касанием вручную открыть публичный источник, подтвердить актуальность и использовать только approved outreach-script; сейчас не отправлять.",2026-06-13,,,,,,Публичный источник из web search; телефоны/email/имена не копировались.
L066,"оклейка, бронирование, москва, пленка, полиуретоновая",детейлинг,"Москва, Россия",https://do-predela.ru/,сайт/профиль с публичной формой или контактами,администратор/владелец (роль; персональные данные не собирались),https://do-predela.ru/,"заявка требует уточнить авто, услугу и желаемую дату; бот экономит время менеджера и повышает скорость ответа",показать сценарий «марка авто → услуга → фото/комментарий → дата»,4,new,lead-research-agent,,"Перед касанием вручную открыть публичный источник, подтвердить актуальность и использовать только approved outreach-script; сейчас не отправлять.",2026-06-13,,,,,,Публичный источник из web search; телефоны/email/имена не копировались.
L067,Awm king mechanik,кузовной ремонт,"Москва, Россия",https://vk.com/wall-128278509,WhatsApp публично указан; VK,администратор/владелец (роль; персональные данные не собирались),https://vk.com/wall-128278509,нужно собрать фото/описание повреждения и контакты до оценки; бот может формировать первичный бриф,показать сценарий сбора фото повреждения и контактов для оценки,5,new,lead-research-agent,,"Перед касанием вручную открыть публичный источник, подтвердить актуальность и использовать только approved outreach-script; сейчас не отправлять.",2026-06-13,,,,,,Публичный источник из web search; телефоны/email/имена не копировались.
L068,Deteling Auto — Детейлинг,кузовной ремонт,"Москва, Россия",https://deteling-auto.my1.ru/index/kuzovnoi_remont/0-10,сайт/профиль с публичной формой или контактами,администратор/владелец (роль; персональные данные не собирались),https://deteling-auto.my1.ru/index/kuzovnoi_remont/0-10,нужно собрать фото/описание повреждения и контакты до оценки; бот может формировать первичный бриф,показать сценарий сбора фото повреждения и контактов для оценки,4,new,lead-research-agent,,"Перед касанием вручную открыть публичный источник, подтвердить актуальность и использовать только approved outreach-script; сейчас не отправлять.",2026-06-13,,,,,,Публичный источник из web search; телефоны/email/имена не копировались.
L069,Кузовной ремонт автомобилей в голицыно,кузовной ремонт,"Москва, Россия",https://rzona.pro/,сайт/профиль с публичной формой или контактами,администратор/владелец (роль; персональные данные не собирались),https://rzona.pro/,нужно собрать фото/описание повреждения и контакты до оценки; бот может формировать первичный бриф,показать сценарий сбора фото повреждения и контактов для оценки,4,new,lead-research-agent,,"Перед касанием вручную открыть публичный источник, подтвердить актуальность и использовать только approved outreach-script; сейчас не отправлять.",2026-06-13,,,,,,Публичный источник из web search; телефоны/email/имена не копировались.
L070,Удаление вмятин без покраски в Москве,кузовной ремонт,"Москва, Россия",https://xn--b1afkpce5ac0j.xn--p1ai/,сайт/профиль с публичной формой или контактами,администратор/владелец (роль; персональные данные не собирались),https://xn--b1afkpce5ac0j.xn--p1ai/,нужно собрать фото/описание повреждения и контакты до оценки; бот может формировать первичный бриф,показать сценарий сбора фото повреждения и контактов для оценки,5,new,lead-research-agent,,"Перед касанием вручную открыть публичный источник, подтвердить актуальность и использовать только approved outreach-script; сейчас не отправлять.",2026-06-13,,,,,,Публичный источник из web search; телефоны/email/имена не копировались.
L071,Автоподбор Москва,автоподбор,"Москва, Россия",https://vk.com/avtopodbor_moscow,WhatsApp публично указан; VK,администратор/владелец (роль; персональные данные не собирались),https://vk.com/avtopodbor_moscow,длинный первичный бриф по бюджету/марке/срокам; бот может квалифицировать заявку до созвона,показать сценарий квалификации бюджета/марки/срока перед консультацией,5,new,lead-research-agent,,"Перед касанием вручную открыть публичный источник, подтвердить актуальность и использовать только approved outreach-script; сейчас не отправлять.",2026-06-13,,,,,,Публичный источник из web search; телефоны/email/имена не копировались.
L072,Автоподбор и Проверки автомобилей в Москве,автоподбор,"Москва, Россия",https://getpodbor.ru/,сайт/профиль с публичной формой или контактами,администратор/владелец (роль; персональные данные не собирались),https://getpodbor.ru/,длинный первичный бриф по бюджету/марке/срокам; бот может квалифицировать заявку до созвона,показать сценарий квалификации бюджета/марки/срока перед консультацией,4,new,lead-research-agent,,"Перед касанием вручную открыть публичный источник, подтвердить актуальность и использовать только approved outreach-script; сейчас не отправлять.",2026-06-13,,,,,,Публичный источник из web search; телефоны/email/имена не копировались.
L073,Автоподбор по всей России,автоподбор,"Москва, Россия",https://dss-g.ru/,сайт/профиль с публичной формой или контактами,администратор/владелец (роль; персональные данные не собирались),https://dss-g.ru/,длинный первичный бриф по бюджету/марке/срокам; бот может квалифицировать заявку до созвона,показать сценарий квалификации бюджета/марки/срока перед консультацией,4,new,lead-research-agent,,"Перед касанием вручную открыть публичный источник, подтвердить актуальность и использовать только approved outreach-script; сейчас не отправлять.",2026-06-13,,,,,,Публичный источник из web search; телефоны/email/имена не копировались.
L074,Грузовой шиномонтаж круглосуточно (24 часа) в Москве,шиномонтаж,"Москва, Россия",https://profi.ru/remont/gruzovoi-shinomontazh/24-hours/,онлайн-запись/форма заявки,администратор/владелец (роль; персональные данные не собирались),https://profi.ru/remont/gruzovoi-shinomontazh/24-hours/,сезонные пиковые обращения и быстрые слоты; бот может принять заявку на время/услугу,"показать сценарий сезонной записи: авто, радиус, услуга, слот",4,new,lead-research-agent,,"Перед касанием вручную открыть публичный источник, подтвердить актуальность и использовать только approved outreach-script; сейчас не отправлять.",2026-06-13,,,,,,Публичный источник из web search; телефоны/email/имена не копировались.
L075,Самый дешевый шиномонтаж в Москве с онлайн записью.,шиномонтаж,"Москва, Россия",https://pit-stops.ru/moskva,онлайн-запись/форма заявки,администратор/владелец (роль; персональные данные не собирались),https://pit-stops.ru/moskva,сезонные пиковые обращения и быстрые слоты; бот может принять заявку на время/услугу,"показать сценарий сезонной записи: авто, радиус, услуга, слот",4,new,lead-research-agent,,"Перед касанием вручную открыть публичный источник, подтвердить актуальность и использовать только approved outreach-script; сейчас не отправлять.",2026-06-13,,,,,,Публичный источник из web search; телефоны/email/имена не копировались.
L076,"Шиномонтаж, цены на шиномонтаж",шиномонтаж,"Москва, Россия",https://mosautoshina.ru/fitting/,онлайн-запись/форма заявки,администратор/владелец (роль; персональные данные не собирались),https://mosautoshina.ru/fitting/,сезонные пиковые обращения и быстрые слоты; бот может принять заявку на время/услугу,"показать сценарий сезонной записи: авто, радиус, услуга, слот",4,new,lead-research-agent,,"Перед касанием вручную открыть публичный источник, подтвердить актуальность и использовать только approved outreach-script; сейчас не отправлять.",2026-06-13,,,,,,Публичный источник из web search; телефоны/email/имена не копировались.
L077,Автосервис «Белый сервис» в Казани,автосервис,"Казань, Россия",https://kazan.beliyservice.ru/,сайт/профиль с публичной формой или контактами,администратор/владелец (роль; персональные данные не собирались),https://kazan.beliyservice.ru/,"много заявок с разной симптоматикой; бот может уточнить марку, проблему и удобное время",показать сценарий «марка → симптом → желаемая дата → заявка мастеру»,3,nurture,lead-research-agent,,"Перед касанием вручную открыть публичный источник, подтвердить актуальность и использовать только approved outreach-script; сейчас не отправлять.",2026-06-13,,,,,,Публичный источник из web search; телефоны/email/имена не копировались.
L078,Автосервис в Казани,автосервис,"Казань, Россия",https://kazan.fitauto.ru/,онлайн-запись/форма заявки,администратор/владелец (роль; персональные данные не собирались),https://kazan.fitauto.ru/,"много заявок с разной симптоматикой; бот может уточнить марку, проблему и удобное время",показать сценарий «марка → симптом → желаемая дата → заявка мастеру»,4,new,lead-research-agent,,"Перед касанием вручную открыть публичный источник, подтвердить актуальность и использовать только approved outreach-script; сейчас не отправлять.",2026-06-13,,,,,,Публичный источник из web search; телефоны/email/имена не копировались.
L079,ВАГ Сервис Казань,автосервис,"Казань, Россия",https://xn-----6kccahcgtxiz6b8ane7q.xn--p1ai/,сайт/профиль с публичной формой или контактами,администратор/владелец (роль; персональные данные не собирались),https://xn-----6kccahcgtxiz6b8ane7q.xn--p1ai/,"много заявок с разной симптоматикой; бот может уточнить марку, проблему и удобное время",показать сценарий «марка → симптом → желаемая дата → заявка мастеру»,3,nurture,lead-research-agent,,"Перед касанием вручную открыть публичный источник, подтвердить актуальность и использовать только approved outreach-script; сейчас не отправлять.",2026-06-13,,,,,,Публичный источник из web search; телефоны/email/имена не копировались.
L080,Элит Моторс,автосервис,"Казань, Россия",https://elit-motors-ulitsa-telmana.clients.site/,WhatsApp публично указан; Telegram публично указан,администратор/владелец (роль; персональные данные не собирались),https://elit-motors-ulitsa-telmana.clients.site/,"много заявок с разной симптоматикой; бот может уточнить марку, проблему и удобное время",показать сценарий «марка → симптом → желаемая дата → заявка мастеру»,4,new,lead-research-agent,,"Перед касанием вручную открыть публичный источник, подтвердить актуальность и использовать только approved outreach-script; сейчас не отправлять.",2026-06-13,,,,,,Публичный источник из web search; телефоны/email/имена не копировались.
L081,Дизайнерский ремонт под ключ в Уфе,ремонт квартир,"Москва, Россия",https://vr-ufa.ru/,сайт/профиль с публичной формой или контактами,администратор/владелец (роль; персональные данные не собирались),https://vr-ufa.ru/,"дорогой лид требует квалификации по объекту, бюджету и срокам; бот собирает бриф до звонка",показать сценарий квалификации объекта/площади/бюджета/сроков,4,new,lead-research-agent,,"Перед касанием вручную открыть публичный источник, подтвердить актуальность и использовать только approved outreach-script; сейчас не отправлять.",2026-06-13,,,,,,Публичный источник из web search; телефоны/email/имена не копировались.
L082,Калькулятор ремонта квартиры,ремонт квартир,"Москва, Россия",https://remont-troick.ru/kalkulyator-stoimosti-remonta,онлайн-запись/форма заявки,администратор/владелец (роль; персональные данные не собирались),https://remont-troick.ru/kalkulyator-stoimosti-remonta,"дорогой лид требует квалификации по объекту, бюджету и срокам; бот собирает бриф до звонка",показать сценарий квалификации объекта/площади/бюджета/сроков,5,new,lead-research-agent,,"Перед касанием вручную открыть публичный источник, подтвердить актуальность и использовать только approved outreach-script; сейчас не отправлять.",2026-06-13,,,,,,Публичный источник из web search; телефоны/email/имена не копировались.
L083,Калькулятор стоимости ремонта квартиры в Москве,ремонт квартир,"Москва, Россия",https://monolit-mos.ru/calculator,онлайн-запись/форма заявки,администратор/владелец (роль; персональные данные не собирались),https://monolit-mos.ru/calculator,"дорогой лид требует квалификации по объекту, бюджету и срокам; бот собирает бриф до звонка",показать сценарий квалификации объекта/площади/бюджета/сроков,5,new,lead-research-agent,,"Перед касанием вручную открыть публичный источник, подтвердить актуальность и использовать только approved outreach-script; сейчас не отправлять.",2026-06-13,,,,,,Публичный источник из web search; телефоны/email/имена не копировались.
L084,Полный прайс-лист с ценами на ремонтно-строительные работы...,ремонт квартир,"Москва, Россия",https://garantstroikompleks.ru/prajs-list,онлайн-запись/форма заявки,администратор/владелец (роль; персональные данные не собирались),https://garantstroikompleks.ru/prajs-list,"дорогой лид требует квалификации по объекту, бюджету и срокам; бот собирает бриф до звонка",показать сценарий квалификации объекта/площади/бюджета/сроков,5,new,lead-research-agent,,"Перед касанием вручную открыть публичный источник, подтвердить актуальность и использовать только approved outreach-script; сейчас не отправлять.",2026-06-13,,,,,,Публичный источник из web search; телефоны/email/имена не копировались.
L085,Ремонт квартир в Санкт-Петербурге • 2026,ремонт квартир,"Москва, Россия",https://remont-otdelka.ru/,сайт/профиль с публичной формой или контактами,администратор/владелец (роль; персональные данные не собирались),https://remont-otdelka.ru/,"дорогой лид требует квалификации по объекту, бюджету и срокам; бот собирает бриф до звонка",показать сценарий квалификации объекта/площади/бюджета/сроков,4,new,lead-research-agent,,"Перед касанием вручную открыть публичный источник, подтвердить актуальность и использовать только approved outreach-script; сейчас не отправлять.",2026-06-13,,,,,,Публичный источник из web search; телефоны/email/имена не копировались.
L086,Ремонт квартир под ключ в Москве,ремонт квартир,"Москва, Россия",https://youdo.com/bytovoj-remont/repair/flat,сайт/профиль с публичной формой или контактами,администратор/владелец (роль; персональные данные не собирались),https://youdo.com/bytovoj-remont/repair/flat,"дорогой лид требует квалификации по объекту, бюджету и срокам; бот собирает бриф до звонка",показать сценарий квалификации объекта/площади/бюджета/сроков,4,new,lead-research-agent,,"Перед касанием вручную открыть публичный источник, подтвердить актуальность и использовать только approved outreach-script; сейчас не отправлять.",2026-06-13,,,,,,Публичный источник из web search; телефоны/email/имена не копировались.
L087,Цены на ремонт квартир под ключ в Москве,ремонт квартир,"Москва, Россия",https://stroyremdizayn.ru/cena-remonta-i-otdelki-kvartir-pod-klyuch/,онлайн-запись/форма заявки,администратор/владелец (роль; персональные данные не собирались),https://stroyremdizayn.ru/cena-remonta-i-otdelki-kvartir-pod-klyuch/,"дорогой лид требует квалификации по объекту, бюджету и срокам; бот собирает бриф до звонка",показать сценарий квалификации объекта/площади/бюджета/сроков,5,new,lead-research-agent,,"Перед касанием вручную открыть публичный источник, подтвердить актуальность и использовать только approved outreach-script; сейчас не отправлять.",2026-06-13,,,,,,Публичный источник из web search; телефоны/email/имена не копировались.
L088,Шпаклевка стен и цена за квадратный метр работы частного...,ремонт квартир,"Москва, Россия",https://remontami7.ru/shpaklevka-sten-cena,WhatsApp публично указан; онлайн-запись/форма заявки,администратор/владелец (роль; персональные данные не собирались),https://remontami7.ru/shpaklevka-sten-cena,"дорогой лид требует квалификации по объекту, бюджету и срокам; бот собирает бриф до звонка",показать сценарий квалификации объекта/площади/бюджета/сроков,5,new,lead-research-agent,,"Перед касанием вручную открыть публичный источник, подтвердить актуальность и использовать только approved outreach-script; сейчас не отправлять.",2026-06-13,,,,,,Публичный источник из web search; телефоны/email/имена не копировались.
L089,"Випсилинг, натяжные потолки №1 в Москве",натяжные потолки,"Москва, Россия",https://vipceiling.ru/moscow/,сайт/профиль с публичной формой или контактами,администратор/владелец (роль; персональные данные не собирались),https://vipceiling.ru/moscow/,заявки на замер требуют адрес/площадь/сроки; бот может собрать данные и передать менеджеру,показать сценарий заявки на замер с площадью/адресом/дедлайном,4,new,lead-research-agent,,"Перед касанием вручную открыть публичный источник, подтвердить актуальность и использовать только approved outreach-script; сейчас не отправлять.",2026-06-13,,,,,,Публичный источник из web search; телефоны/email/имена не копировались.
L090,"Натяжные потолки Москва, тканевый натяжной...",натяжные потолки,"Москва, Россия",https://www.potolochkin.ru/,сайт/профиль с публичной формой или контактами,администратор/владелец (роль; персональные данные не собирались),https://www.potolochkin.ru/,заявки на замер требуют адрес/площадь/сроки; бот может собрать данные и передать менеджеру,показать сценарий заявки на замер с площадью/адресом/дедлайном,4,new,lead-research-agent,,"Перед касанием вручную открыть публичный источник, подтвердить актуальность и использовать только approved outreach-script; сейчас не отправлять.",2026-06-13,,,,,,Публичный источник из web search; телефоны/email/имена не копировались.
L091,"Натяжные потолки в Москве, цены с установкой от...",натяжные потолки,"Москва, Россия",https://potolok.net/,сайт/профиль с публичной формой или контактами,администратор/владелец (роль; персональные данные не собирались),https://potolok.net/,заявки на замер требуют адрес/площадь/сроки; бот может собрать данные и передать менеджеру,показать сценарий заявки на замер с площадью/адресом/дедлайном,4,new,lead-research-agent,,"Перед касанием вручную открыть публичный источник, подтвердить актуальность и использовать только approved outreach-script; сейчас не отправлять.",2026-06-13,,,,,,Публичный источник из web search; телефоны/email/имена не копировались.
L092,Натяжные потолки в Москве...,натяжные потолки,"Москва, Россия",https://thepotolki.ru/,сайт/профиль с публичной формой или контактами,администратор/владелец (роль; персональные данные не собирались),https://thepotolki.ru/,заявки на замер требуют адрес/площадь/сроки; бот может собрать данные и передать менеджеру,показать сценарий заявки на замер с площадью/адресом/дедлайном,4,new,lead-research-agent,,"Перед касанием вручную открыть публичный источник, подтвердить актуальность и использовать только approved outreach-script; сейчас не отправлять.",2026-06-13,,,,,,Публичный источник из web search; телефоны/email/имена не копировались.
L093,Натяжные потолки с установкой,натяжные потолки,"Москва, Россия",https://xn--h1acdcbkiabgrmg6jn.xn--p1ai/,онлайн-запись/форма заявки,администратор/владелец (роль; персональные данные не собирались),https://xn--h1acdcbkiabgrmg6jn.xn--p1ai/,заявки на замер требуют адрес/площадь/сроки; бот может собрать данные и передать менеджеру,показать сценарий заявки на замер с площадью/адресом/дедлайном,5,new,lead-research-agent,,"Перед касанием вручную открыть публичный источник, подтвердить актуальность и использовать только approved outreach-script; сейчас не отправлять.",2026-06-13,,,,,,Публичный источник из web search; телефоны/email/имена не копировались.
L094,Натяжные потолки №1 в Москве,натяжные потолки,"Москва, Россия",https://tmk-potolok.ru/,онлайн-запись/форма заявки,администратор/владелец (роль; персональные данные не собирались),https://tmk-potolok.ru/,заявки на замер требуют адрес/площадь/сроки; бот может собрать данные и передать менеджеру,показать сценарий заявки на замер с площадью/адресом/дедлайном,5,new,lead-research-agent,,"Перед касанием вручную открыть публичный источник, подтвердить актуальность и использовать только approved outreach-script; сейчас не отправлять.",2026-06-13,,,,,,Публичный источник из web search; телефоны/email/имена не копировались.
L095,Oknarosta — Пластиковые окна,окна,"Москва, Россия",https://www.oknarosta.ru/,сайт/профиль с публичной формой или контактами,администратор/владелец (роль; персональные данные не собирались),https://www.oknarosta.ru/,расчёт требует параметров и замера; бот может принять первичные размеры/адрес/срок,"показать сценарий расчёта/замера: тип окна, размеры, адрес, срок",4,new,lead-research-agent,,"Перед касанием вручную открыть публичный источник, подтвердить актуальность и использовать только approved outreach-script; сейчас не отправлять.",2026-06-13,,,,,,Публичный источник из web search; телефоны/email/имена не копировались.
L096,Пластиковые окна в Москве и МО,окна,"Москва, Россия",https://plastokna-msk.ru/,сайт/профиль с публичной формой или контактами,администратор/владелец (роль; персональные данные не собирались),https://plastokna-msk.ru/,расчёт требует параметров и замера; бот может принять первичные размеры/адрес/срок,"показать сценарий расчёта/замера: тип окна, размеры, адрес, срок",4,new,lead-research-agent,,"Перед касанием вручную открыть публичный источник, подтвердить актуальность и использовать только approved outreach-script; сейчас не отправлять.",2026-06-13,,,,,,Публичный источник из web search; телефоны/email/имена не копировались.
L097,Пластиковые окна в Москве с установкой,окна,"Москва, Россия",https://okno.ru/,сайт/профиль с публичной формой или контактами,администратор/владелец (роль; персональные данные не собирались),https://okno.ru/,расчёт требует параметров и замера; бот может принять первичные размеры/адрес/срок,"показать сценарий расчёта/замера: тип окна, размеры, адрес, срок",4,new,lead-research-agent,,"Перед касанием вручную открыть публичный источник, подтвердить актуальность и использовать только approved outreach-script; сейчас не отправлять.",2026-06-13,,,,,,Публичный источник из web search; телефоны/email/имена не копировались.
L098,Пластиковые окна от производителя,окна,"Москва, Россия",https://okna2-0.ru/,сайт/профиль с публичной формой или контактами,администратор/владелец (роль; персональные данные не собирались),https://okna2-0.ru/,расчёт требует параметров и замера; бот может принять первичные размеры/адрес/срок,"показать сценарий расчёта/замера: тип окна, размеры, адрес, срок",4,new,lead-research-agent,,"Перед касанием вручную открыть публичный источник, подтвердить актуальность и использовать только approved outreach-script; сейчас не отправлять.",2026-06-13,,,,,,Публичный источник из web search; телефоны/email/имена не копировались.
L099,Пластиковые окна от производителя в Москве,окна,"Москва, Россия",https://www.mosokna.ru/,сайт/профиль с публичной формой или контактами,администратор/владелец (роль; персональные данные не собирались),https://www.mosokna.ru/,расчёт требует параметров и замера; бот может принять первичные размеры/адрес/срок,"показать сценарий расчёта/замера: тип окна, размеры, адрес, срок",4,new,lead-research-agent,,"Перед касанием вручную открыть публичный источник, подтвердить актуальность и использовать только approved outreach-script; сейчас не отправлять.",2026-06-13,,,,,,Публичный источник из web search; телефоны/email/имена не копировались.
L100,Пластиковые окна: заказать в Москве,окна,"Москва, Россия",https://okno.ooo/,WhatsApp публично указан,администратор/владелец (роль; персональные данные не собирались),https://okno.ooo/,расчёт требует параметров и замера; бот может принять первичные размеры/адрес/срок,"показать сценарий расчёта/замера: тип окна, размеры, адрес, срок",5,new,lead-research-agent,,"Перед касанием вручную открыть публичный источник, подтвердить актуальность и использовать только approved outreach-script; сейчас не отправлять.",2026-06-13,,,,,,Публичный источник из web search; телефоны/email/имена не копировались.
L101,20 MIN I Школа английского языка в телеграм,онлайн-школа,Россия / онлайн,https://20minschool.online/,онлайн-запись/форма заявки,администратор/владелец (роль; персональные данные не собирались),https://20minschool.online/,"лиды с рекламы/соцсетей задают повторяющиеся вопросы; бот может квалифицировать интерес, уровень и записать на пробный шаг",показать сценарий «цель обучения → уровень → удобное время → пробный урок/консультация»,5,new,lead-research-agent,,"Перед касанием вручную открыть публичный источник, подтвердить актуальность и использовать только approved outreach-script; сейчас не отправлять.",2026-06-13,,,,,,Публичный источник из web search; телефоны/email/имена не копировались.
L102,Курсы,онлайн-школа,Россия / онлайн,https://lk.clubpixel.ru/,онлайн-запись/форма заявки,администратор/владелец (роль; персональные данные не собирались),https://lk.clubpixel.ru/,"лиды с рекламы/соцсетей задают повторяющиеся вопросы; бот может квалифицировать интерес, уровень и записать на пробный шаг",показать сценарий «цель обучения → уровень → удобное время → пробный урок/консультация»,5,new,lead-research-agent,,"Перед касанием вручную открыть публичный источник, подтвердить актуальность и использовать только approved outreach-script; сейчас не отправлять.",2026-06-13,,,,,,Публичный источник из web search; телефоны/email/имена не копировались.
L103,Курсы английский онлайн обучение,онлайн-школа,Россия / онлайн,https://profieng.ru/,онлайн-запись/форма заявки,администратор/владелец (роль; персональные данные не собирались),https://profieng.ru/,"лиды с рекламы/соцсетей задают повторяющиеся вопросы; бот может квалифицировать интерес, уровень и записать на пробный шаг",показать сценарий «цель обучения → уровень → удобное время → пробный урок/консультация»,5,new,lead-research-agent,,"Перед касанием вручную открыть публичный источник, подтвердить актуальность и использовать только approved outreach-script; сейчас не отправлять.",2026-06-13,,,,,,Публичный источник из web search; телефоны/email/имена не копировались.
L104,Курсы программирования для детей,онлайн-школа,Россия / онлайн,https://foxford.ru/programming,онлайн-запись/форма заявки,администратор/владелец (роль; персональные данные не собирались),https://foxford.ru/programming,"лиды с рекламы/соцсетей задают повторяющиеся вопросы; бот может квалифицировать интерес, уровень и записать на пробный шаг",показать сценарий «цель обучения → уровень → удобное время → пробный урок/консультация»,5,new,lead-research-agent,,"Перед касанием вручную открыть публичный источник, подтвердить актуальность и использовать только approved outreach-script; сейчас не отправлять.",2026-06-13,,,,,,Публичный источник из web search; телефоны/email/имена не копировались.
L105,Обучение английскому языку онлайн в онлайн школе Lingua...,онлайн-школа,Россия / онлайн,https://lingua-airlines.ru/,онлайн-запись/форма заявки,администратор/владелец (роль; персональные данные не собирались),https://lingua-airlines.ru/,"лиды с рекламы/соцсетей задают повторяющиеся вопросы; бот может квалифицировать интерес, уровень и записать на пробный шаг",показать сценарий «цель обучения → уровень → удобное время → пробный урок/консультация»,5,new,lead-research-agent,,"Перед касанием вручную открыть публичный источник, подтвердить актуальность и использовать только approved outreach-script; сейчас не отправлять.",2026-06-13,,,,,,Публичный источник из web search; телефоны/email/имена не копировались.
L106,Онлайн курсы английского ЛингвоЛэнд,онлайн-школа,Россия / онлайн,https://lingvoland.online/,онлайн-запись/форма заявки,администратор/владелец (роль; персональные данные не собирались),https://lingvoland.online/,"лиды с рекламы/соцсетей задают повторяющиеся вопросы; бот может квалифицировать интерес, уровень и записать на пробный шаг",показать сценарий «цель обучения → уровень → удобное время → пробный урок/консультация»,5,new,lead-research-agent,,"Перед касанием вручную открыть публичный источник, подтвердить актуальность и использовать только approved outreach-script; сейчас не отправлять.",2026-06-13,,,,,,Публичный источник из web search; телефоны/email/имена не копировались.
L107,Онлайн курсы маркетинга,онлайн-школа,Россия / онлайн,https://skillbox.ru/marketing/,онлайн-запись/форма заявки,администратор/владелец (роль; персональные данные не собирались),https://skillbox.ru/marketing/,"лиды с рекламы/соцсетей задают повторяющиеся вопросы; бот может квалифицировать интерес, уровень и записать на пробный шаг",показать сценарий «цель обучения → уровень → удобное время → пробный урок/консультация»,5,new,lead-research-agent,,"Перед касанием вручную открыть публичный источник, подтвердить актуальность и использовать только approved outreach-script; сейчас не отправлять.",2026-06-13,,,,,,Публичный источник из web search; телефоны/email/имена не копировались.
L108,Онлайн курсы программирования,онлайн-школа,Россия / онлайн,https://skillbox.ru/code/,онлайн-запись/форма заявки,администратор/владелец (роль; персональные данные не собирались),https://skillbox.ru/code/,"лиды с рекламы/соцсетей задают повторяющиеся вопросы; бот может квалифицировать интерес, уровень и записать на пробный шаг",показать сценарий «цель обучения → уровень → удобное время → пробный урок/консультация»,5,new,lead-research-agent,,"Перед касанием вручную открыть публичный источник, подтвердить актуальность и использовать только approved outreach-script; сейчас не отправлять.",2026-06-13,,,,,,Публичный источник из web search; телефоны/email/имена не копировались.
L109,"Онлайн школа для взрослых и детей. Обучение в Zoom, Teams...",онлайн-школа,Россия / онлайн,https://www.toptutors.ru/,онлайн-запись/форма заявки,администратор/владелец (роль; персональные данные не собирались),https://www.toptutors.ru/,"лиды с рекламы/соцсетей задают повторяющиеся вопросы; бот может квалифицировать интерес, уровень и записать на пробный шаг",показать сценарий «цель обучения → уровень → удобное время → пробный урок/консультация»,5,new,lead-research-agent,,"Перед касанием вручную открыть публичный источник, подтвердить актуальность и использовать только approved outreach-script; сейчас не отправлять.",2026-06-13,,,,,,Публичный источник из web search; телефоны/email/имена не копировались.
L110,Онлайн школа программирования BrainGo,онлайн-школа,Россия / онлайн,https://braingo.ru/online,онлайн-запись/форма заявки,администратор/владелец (роль; персональные данные не собирались),https://braingo.ru/online,"лиды с рекламы/соцсетей задают повторяющиеся вопросы; бот может квалифицировать интерес, уровень и записать на пробный шаг",показать сценарий «цель обучения → уровень → удобное время → пробный урок/консультация»,5,new,lead-research-agent,,"Перед касанием вручную открыть публичный источник, подтвердить актуальность и использовать только approved outreach-script; сейчас не отправлять.",2026-06-13,,,,,,Публичный источник из web search; телефоны/email/имена не копировались.
L111,Онлайн-курсы английского языка для детей,онлайн-школа,Россия / онлайн,https://xn--80ailddc9bg.xn--p1ai/,онлайн-запись/форма заявки,администратор/владелец (роль; персональные данные не собирались),https://xn--80ailddc9bg.xn--p1ai/,"лиды с рекламы/соцсетей задают повторяющиеся вопросы; бот может квалифицировать интерес, уровень и записать на пробный шаг",показать сценарий «цель обучения → уровень → удобное время → пробный урок/консультация»,5,new,lead-research-agent,,"Перед касанием вручную открыть публичный источник, подтвердить актуальность и использовать только approved outreach-script; сейчас не отправлять.",2026-06-13,,,,,,Публичный источник из web search; телефоны/email/имена не копировались.
L112,Онлайн-школа «Улей»,онлайн-школа,Россия / онлайн,https://uley.io/,онлайн-запись/форма заявки,администратор/владелец (роль; персональные данные не собирались),https://uley.io/,"лиды с рекламы/соцсетей задают повторяющиеся вопросы; бот может квалифицировать интерес, уровень и записать на пробный шаг",показать сценарий «цель обучения → уровень → удобное время → пробный урок/консультация»,5,new,lead-research-agent,,"Перед касанием вручную открыть публичный источник, подтвердить актуальность и использовать только approved outreach-script; сейчас не отправлять.",2026-06-13,,,,,,Публичный источник из web search; телефоны/email/имена не копировались.
L113,Онлайн-школа Квантастика,онлайн-школа,Россия / онлайн,https://kvantastica.ru/,онлайн-запись/форма заявки,администратор/владелец (роль; персональные данные не собирались),https://kvantastica.ru/,"лиды с рекламы/соцсетей задают повторяющиеся вопросы; бот может квалифицировать интерес, уровень и записать на пробный шаг",показать сценарий «цель обучения → уровень → удобное время → пробный урок/консультация»,5,new,lead-research-agent,,"Перед касанием вручную открыть публичный источник, подтвердить актуальность и использовать только approved outreach-script; сейчас не отправлять.",2026-06-13,,,,,,Публичный источник из web search; телефоны/email/имена не копировались.
L114,Онлайн-школа Тетрика,онлайн-школа,Россия / онлайн,https://tetrika-school.ru/,онлайн-запись/форма заявки,администратор/владелец (роль; персональные данные не собирались),https://tetrika-school.ru/,"лиды с рекламы/соцсетей задают повторяющиеся вопросы; бот может квалифицировать интерес, уровень и записать на пробный шаг",показать сценарий «цель обучения → уровень → удобное время → пробный урок/консультация»,5,new,lead-research-agent,,"Перед касанием вручную открыть публичный источник, подтвердить актуальность и использовать только approved outreach-script; сейчас не отправлять.",2026-06-13,,,,,,Публичный источник из web search; телефоны/email/имена не копировались.
L115,Онлайн-школа иностранных языков,онлайн-школа,Россия / онлайн,https://online-london.com/,онлайн-запись/форма заявки,администратор/владелец (роль; персональные данные не собирались),https://online-london.com/,"лиды с рекламы/соцсетей задают повторяющиеся вопросы; бот может квалифицировать интерес, уровень и записать на пробный шаг",показать сценарий «цель обучения → уровень → удобное время → пробный урок/консультация»,5,new,lead-research-agent,,"Перед касанием вручную открыть публичный источник, подтвердить актуальность и использовать только approved outreach-script; сейчас не отправлять.",2026-06-13,,,,,,Публичный источник из web search; телефоны/email/имена не копировались.
L116,Онлайн-школа иностранных языков Anecole,онлайн-школа,Россия / онлайн,https://anecole.com/,онлайн-запись/форма заявки,администратор/владелец (роль; персональные данные не собирались),https://anecole.com/,"лиды с рекламы/соцсетей задают повторяющиеся вопросы; бот может квалифицировать интерес, уровень и записать на пробный шаг",показать сценарий «цель обучения → уровень → удобное время → пробный урок/консультация»,5,new,lead-research-agent,,"Перед касанием вручную открыть публичный источник, подтвердить актуальность и использовать только approved outreach-script; сейчас не отправлять.",2026-06-13,,,,,,Публичный источник из web search; телефоны/email/имена не копировались.
L117,Онлайн-школа программирования для детей от 5 до 17 лет,онлайн-школа,Россия / онлайн,https://pixel.study/,онлайн-запись/форма заявки,администратор/владелец (роль; персональные данные не собирались),https://pixel.study/,"лиды с рекламы/соцсетей задают повторяющиеся вопросы; бот может квалифицировать интерес, уровень и записать на пробный шаг",показать сценарий «цель обучения → уровень → удобное время → пробный урок/консультация»,5,new,lead-research-agent,,"Перед касанием вручную открыть публичный источник, подтвердить актуальность и использовать только approved outreach-script; сейчас не отправлять.",2026-06-13,,,,,,Публичный источник из web search; телефоны/email/имена не копировались.
L118,Уроки английского для начинающих в Нижнем Новгороде,онлайн-школа,Россия / онлайн,https://oxford-russia.ru/besplatniy-urok/,онлайн-запись/форма заявки,администратор/владелец (роль; персональные данные не собирались),https://oxford-russia.ru/besplatniy-urok/,"лиды с рекламы/соцсетей задают повторяющиеся вопросы; бот может квалифицировать интерес, уровень и записать на пробный шаг",показать сценарий «цель обучения → уровень → удобное время → пробный урок/консультация»,5,new,lead-research-agent,,"Перед касанием вручную открыть публичный источник, подтвердить актуальность и использовать только approved outreach-script; сейчас не отправлять.",2026-06-13,,,,,,Публичный источник из web search; телефоны/email/имена не копировались.
L119,Хекслет,онлайн-школа,Россия / онлайн,https://ru.hexlet.io/,онлайн-запись/форма заявки,администратор/владелец (роль; персональные данные не собирались),https://ru.hexlet.io/,"лиды с рекламы/соцсетей задают повторяющиеся вопросы; бот может квалифицировать интерес, уровень и записать на пробный шаг",показать сценарий «цель обучения → уровень → удобное время → пробный урок/консультация»,5,new,lead-research-agent,,"Перед касанием вручную открыть публичный источник, подтвердить актуальность и использовать только approved outreach-script; сейчас не отправлять.",2026-06-13,,,,,,Публичный источник из web search; телефоны/email/имена не копировались.
L120,Школа программирования для детей МШП,онлайн-школа,Россия / онлайн,https://informatics.ru/,онлайн-запись/форма заявки,администратор/владелец (роль; персональные данные не собирались),https://informatics.ru/,"лиды с рекламы/соцсетей задают повторяющиеся вопросы; бот может квалифицировать интерес, уровень и записать на пробный шаг",показать сценарий «цель обучения → уровень → удобное время → пробный урок/консультация»,5,new,lead-research-agent,,"Перед касанием вручную открыть публичный источник, подтвердить актуальность и использовать только approved outreach-script; сейчас не отправлять.",2026-06-13,,,,,,Публичный источник из web search; телефоны/email/имена не копировались.
