company,niche,channel,contact,source,score,owner,status,next_action,due_date,notes
Dent Alex,стоматология,сайт/профиль с публичной формой или контактами,администратор/владелец (роль; персональные данные не собирались),https://dentalex01.ru/,4,lead-research-agent,new,"Перед касанием вручную открыть публичный источник, подтвердить актуальность и использовать только approved outreach-script; сейчас не отправлять.",2026-06-13,"Публичный источник из web search; телефоны/email/имена не копировались. | Pain: дорогие входящие заявки, администратор может терять обращения вне рабочего времени; нужен быстрый сбор услуги, боли и времени записи"
Terapiakrasoty — Стоматология,стоматология,онлайн-запись/форма заявки,администратор/владелец (роль; персональные данные не собирались),https://terapiakrasoty.ru/stomatologia,5,lead-research-agent,new,"Перед касанием вручную открыть публичный источник, подтвердить актуальность и использовать только approved outreach-script; сейчас не отправлять.",2026-06-13,"Публичный источник из web search; телефоны/email/имена не копировались. | Pain: дорогие входящие заявки, администратор может терять обращения вне рабочего времени; нужен быстрый сбор услуги, боли и времени записи"
Авторская профессиональная стоматология SDS-Клиника в Санкт ...,стоматология,сайт/профиль с публичной формой или контактами,администратор/владелец (роль; персональные данные не собирались),https://sdsclinic.ru/,4,lead-research-agent,new,"Перед касанием вручную открыть публичный источник, подтвердить актуальность и использовать только approved outreach-script; сейчас не отправлять.",2026-06-13,"Публичный источник из web search; телефоны/email/имена не копировались. | Pain: дорогие входящие заявки, администратор может терять обращения вне рабочего времени; нужен быстрый сбор услуги, боли и времени записи"
Архив Наша команда,стоматология,онлайн-запись/форма заявки,администратор/владелец (роль; персональные данные не собирались),https://belayamagiya-dent.ru/team/,5,lead-research-agent,new,"Перед касанием вручную открыть публичный источник, подтвердить актуальность и использовать только approved outreach-script; сейчас не отправлять.",2026-06-13,"Публичный источник из web search; телефоны/email/имена не копировались. | Pain: дорогие входящие заявки, администратор может терять обращения вне рабочего времени; нужен быстрый сбор услуги, боли и времени записи"
Городская стоматология,стоматология,сайт/профиль с публичной формой или контактами,администратор/владелец (роль; персональные данные не собирались),https://www.gorstom.ru/,5,lead-research-agent,new,"Перед касанием вручную открыть публичный источник, подтвердить актуальность и использовать только approved outreach-script; сейчас не отправлять.",2026-06-13,"Публичный источник из web search; телефоны/email/имена не копировались. | Pain: дорогие входящие заявки, администратор может терять обращения вне рабочего времени; нужен быстрый сбор услуги, боли и времени записи"
Доктор Дрим,стоматология,WhatsApp публично указан; онлайн-запись/форма заявки,администратор/владелец (роль; персональные данные не собирались),https://drdream.ru/,5,lead-research-agent,new,"Перед касанием вручную открыть публичный источник, подтвердить актуальность и использовать только approved outreach-script; сейчас не отправлять.",2026-06-13,"Публичный источник из web search; телефоны/email/имена не копировались. | Pain: дорогие входящие заявки, администратор может терять обращения вне рабочего времени; нужен быстрый сбор услуги, боли и времени записи"
Зубная клиника в Санкт-Петербурге,стоматология,онлайн-запись/форма заявки,администратор/владелец (роль; персональные данные не собирались),https://zabotadent.ru/,5,lead-research-agent,new,"Перед касанием вручную открыть публичный источник, подтвердить актуальность и использовать только approved outreach-script; сейчас не отправлять.",2026-06-13,"Публичный источник из web search; телефоны/email/имена не копировались. | Pain: дорогие входящие заявки, администратор может терять обращения вне рабочего времени; нужен быстрый сбор услуги, боли и времени записи"
Имплантация зубов All-on-4 и All-on-6: зубы за 1 неделю,стоматология,сайт/профиль с публичной формой или контактами,администратор/владелец (роль; персональные данные не собирались),https://agami.ru/services/implantatsiya-all-on-4-i-all-on-6/,4,lead-research-agent,new,"Перед касанием вручную открыть публичный источник, подтвердить актуальность и использовать только approved outreach-script; сейчас не отправлять.",2026-06-13,"Публичный источник из web search; телефоны/email/имена не копировались. | Pain: дорогие входящие заявки, администратор может терять обращения вне рабочего времени; нужен быстрый сбор услуги, боли и времени записи"
"Профессиональная гигиена полости рта, цены на чистку зубов",стоматология,сайт/профиль с публичной формой или контактами,администратор/владелец (роль; персональные данные не собирались),https://ofs.team/uslugi/professionalnaya-gigiena/,4,lead-research-agent,new,"Перед касанием вручную открыть публичный источник, подтвердить актуальность и использовать только approved outreach-script; сейчас не отправлять.",2026-06-13,"Публичный источник из web search; телефоны/email/имена не копировались. | Pain: дорогие входящие заявки, администратор может терять обращения вне рабочего времени; нужен быстрый сбор услуги, боли и времени записи"
Сеть платных стоматологических клиник в Санкт-Петербурге ...,стоматология,сайт/профиль с публичной формой или контактами,администратор/владелец (роль; персональные данные не собирались),https://factorsmile.ru/,4,lead-research-agent,new,"Перед касанием вручную открыть публичный источник, подтвердить актуальность и использовать только approved outreach-script; сейчас не отправлять.",2026-06-13,"Публичный источник из web search; телефоны/email/имена не копировались. | Pain: дорогие входящие заявки, администратор может терять обращения вне рабочего времени; нужен быстрый сбор услуги, боли и времени записи"
"Стоматологическая клиника ""DENT DESIGN """,стоматология,сайт/профиль с публичной формой или контактами,администратор/владелец (роль; персональные данные не собирались),https://dentdesign-spb.ru/,4,lead-research-agent,new,"Перед касанием вручную открыть публичный источник, подтвердить актуальность и использовать только approved outreach-script; сейчас не отправлять.",2026-06-13,"Публичный источник из web search; телефоны/email/имена не копировались. | Pain: дорогие входящие заявки, администратор может терять обращения вне рабочего времени; нужен быстрый сбор услуги, боли и времени записи"
Стоматологический центр ортодонтии и гнатологии в Москве...,стоматология,сайт/профиль с публичной формой или контактами,администратор/владелец (роль; персональные данные не собирались),https://ortognatika.ru/,4,lead-research-agent,new,"Перед касанием вручную открыть публичный источник, подтвердить актуальность и использовать только approved outreach-script; сейчас не отправлять.",2026-06-13,"Публичный источник из web search; телефоны/email/имена не копировались. | Pain: дорогие входящие заявки, администратор может терять обращения вне рабочего времени; нужен быстрый сбор услуги, боли и времени записи"
Стоматология Dental Mania лечение зубов и имплантация в Москве,стоматология,онлайн-запись/форма заявки,администратор/владелец (роль; персональные данные не собирались),https://dentalmania.ru/,5,lead-research-agent,new,"Перед касанием вручную открыть публичный источник, подтвердить актуальность и использовать только approved outreach-script; сейчас не отправлять.",2026-06-13,"Публичный источник из web search; телефоны/email/имена не копировались. | Pain: дорогие входящие заявки, администратор может терять обращения вне рабочего времени; нужен быстрый сбор услуги, боли и времени записи"
Стоматология Денс,стоматология,онлайн-запись/форма заявки,администратор/владелец (роль; персональные данные не собирались),https://dens-clinic.ru/,5,lead-research-agent,new,"Перед касанием вручную открыть публичный источник, подтвердить актуальность и использовать только approved outreach-script; сейчас не отправлять.",2026-06-13,"Публичный источник из web search; телефоны/email/имена не копировались. | Pain: дорогие входящие заявки, администратор может терять обращения вне рабочего времени; нужен быстрый сбор услуги, боли и времени записи"
Стоматология Зуб.ру,стоматология,онлайн-запись/форма заявки,администратор/владелец (роль; персональные данные не собирались),https://zub.ru/,5,lead-research-agent,new,"Перед касанием вручную открыть публичный источник, подтвердить актуальность и использовать только approved outreach-script; сейчас не отправлять.",2026-06-13,"Публичный источник из web search; телефоны/email/имена не копировались. | Pain: дорогие входящие заявки, администратор может терять обращения вне рабочего времени; нужен быстрый сбор услуги, боли и времени записи"
Стоматология в Санкт-Петербурге Вероника,стоматология,онлайн-запись/форма заявки,администратор/владелец (роль; персональные данные не собирались),https://veronica.ru/,5,lead-research-agent,new,"Перед касанием вручную открыть публичный источник, подтвердить актуальность и использовать только approved outreach-script; сейчас не отправлять.",2026-06-13,"Публичный источник из web search; телефоны/email/имена не копировались. | Pain: дорогие входящие заявки, администратор может терять обращения вне рабочего времени; нужен быстрый сбор услуги, боли и времени записи"
"Стоматология на Гончарной, 27",стоматология,онлайн-запись/форма заявки,администратор/владелец (роль; персональные данные не собирались),https://32stoma.ru/,5,lead-research-agent,new,"Перед касанием вручную открыть публичный источник, подтвердить актуальность и использовать только approved outreach-script; сейчас не отправлять.",2026-06-13,"Публичный источник из web search; телефоны/email/имена не копировались. | Pain: дорогие входящие заявки, администратор может терять обращения вне рабочего времени; нужен быстрый сбор услуги, боли и времени записи"
Стоматология с Улыбкой Time to Smile,стоматология,сайт/профиль с публичной формой или контактами,администратор/владелец (роль; персональные данные не собирались),https://timetosmile.ru/,4,lead-research-agent,new,"Перед касанием вручную открыть публичный источник, подтвердить актуальность и использовать только approved outreach-script; сейчас не отправлять.",2026-06-13,"Публичный источник из web search; телефоны/email/имена не копировались. | Pain: дорогие входящие заявки, администратор может терять обращения вне рабочего времени; нужен быстрый сбор услуги, боли и времени записи"
"Услуги стоматологической клиники| г. Москва, N-CLINIC",стоматология,онлайн-запись/форма заявки,администратор/владелец (роль; персональные данные не собирались),https://n-clinic2016.ru/,5,lead-research-agent,new,"Перед касанием вручную открыть публичный источник, подтвердить актуальность и использовать только approved outreach-script; сейчас не отправлять.",2026-06-13,"Публичный источник из web search; телефоны/email/имена не копировались. | Pain: дорогие входящие заявки, администратор может терять обращения вне рабочего времени; нужен быстрый сбор услуги, боли и времени записи"
современная стоматологическая клиника в Санкт-Петербурге,стоматология,онлайн-запись/форма заявки,администратор/владелец (роль; персональные данные не собирались),https://m-stom.com/,5,lead-research-agent,new,"Перед касанием вручную открыть публичный источник, подтвердить актуальность и использовать только approved outreach-script; сейчас не отправлять.",2026-06-13,"Публичный источник из web search; телефоны/email/имена не копировались. | Pain: дорогие входящие заявки, администратор может терять обращения вне рабочего времени; нужен быстрый сбор услуги, боли и времени записи"
Hadassah Moscow,частная клиника,онлайн-запись/форма заявки,администратор/владелец (роль; персональные данные не собирались),https://hadassah.moscow/,5,lead-research-agent,new,"Перед касанием вручную открыть публичный источник, подтвердить актуальность и использовать только approved outreach-script; сейчас не отправлять.",2026-06-13,Публичный источник из web search; телефоны/email/имена не копировались. | Pain: много однотипных вопросов до записи; важно не потерять пациента и передать администратору структурированную заявку
Адамант Медицинская Клиника,частная клиника,сайт/профиль с публичной формой или контактами,администратор/владелец (роль; персональные данные не собирались),https://amclinic.ru/,4,lead-research-agent,new,"Перед касанием вручную открыть публичный источник, подтвердить актуальность и использовать только approved outreach-script; сейчас не отправлять.",2026-06-13,Публичный источник из web search; телефоны/email/имена не копировались. | Pain: много однотипных вопросов до записи; важно не потерять пациента и передать администратору структурированную заявку
Как записаться на обследование в Медицинский центр...,частная клиника,онлайн-запись/форма заявки; VK,администратор/владелец (роль; персональные данные не собирались),https://vk.com/wall-172183363_2332,5,lead-research-agent,new,"Перед касанием вручную открыть публичный источник, подтвердить актуальность и использовать только approved outreach-script; сейчас не отправлять.",2026-06-13,Публичный источник из web search; телефоны/email/имена не копировались. | Pain: много однотипных вопросов до записи; важно не потерять пациента и передать администратору структурированную заявку
Клиника «Будь Здоров» в Москве,частная клиника,WhatsApp публично указан; Telegram публично указан; онлайн-запись/форма заявки,администратор/владелец (роль; персональные данные не собирались),https://klinikabudzdorov.ru/,5,lead-research-agent,new,"Перед касанием вручную открыть публичный источник, подтвердить актуальность и использовать только approved outreach-script; сейчас не отправлять.",2026-06-13,Публичный источник из web search; телефоны/email/имена не копировались. | Pain: много однотипных вопросов до записи; важно не потерять пациента и передать администратору структурированную заявку
Клиника «Будь Здоров» в СПб,частная клиника,WhatsApp публично указан; Telegram публично указан; онлайн-запись/форма заявки,администратор/владелец (роль; персональные данные не собирались),https://spb.klinikabudzdorov.ru/,5,lead-research-agent,new,"Перед касанием вручную открыть публичный источник, подтвердить актуальность и использовать только approved outreach-script; сейчас не отправлять.",2026-06-13,Публичный источник из web search; телефоны/email/имена не копировались. | Pain: много однотипных вопросов до записи; важно не потерять пациента и передать администратору структурированную заявку
Клиника «Можно». Персонализированная психиатрия...,частная клиника,онлайн-запись/форма заявки,администратор/владелец (роль; персональные данные не собирались),https://mozhno.clinic/,5,lead-research-agent,new,"Перед касанием вручную открыть публичный источник, подтвердить актуальность и использовать только approved outreach-script; сейчас не отправлять.",2026-06-13,Публичный источник из web search; телефоны/email/имена не копировались. | Pain: много однотипных вопросов до записи; важно не потерять пациента и передать администратору структурированную заявку
Клиника ОСНОВА,частная клиника,сайт/профиль с публичной формой или контактами,администратор/владелец (роль; персональные данные не собирались),https://osnova-clinic.ru/,4,lead-research-agent,new,"Перед касанием вручную открыть публичный источник, подтвердить актуальность и использовать только approved outreach-script; сейчас не отправлять.",2026-06-13,Публичный источник из web search; телефоны/email/имена не копировались. | Pain: много однотипных вопросов до записи; важно не потерять пациента и передать администратору структурированную заявку
"Клиника внимательной медицины ""Скандинавия""",частная клиника,онлайн-запись/форма заявки,администратор/владелец (роль; персональные данные не собирались),https://ava-kazan.ru/,5,lead-research-agent,new,"Перед касанием вручную открыть публичный источник, подтвердить актуальность и использовать только approved outreach-script; сейчас не отправлять.",2026-06-13,Публичный источник из web search; телефоны/email/имена не копировались. | Pain: много однотипных вопросов до записи; важно не потерять пациента и передать администратору структурированную заявку
Клиника эстетической косметологии Лазерный Доктор,частная клиника,онлайн-запись/форма заявки,администратор/владелец (роль; персональные данные не собирались),https://laserdoctor.ru/,5,lead-research-agent,new,"Перед касанием вручную открыть публичный источник, подтвердить актуальность и использовать только approved outreach-script; сейчас не отправлять.",2026-06-13,Публичный источник из web search; телефоны/email/имена не копировались. | Pain: много однотипных вопросов до записи; важно не потерять пациента и передать администратору структурированную заявку
Лечение тревоги и депрессии в Москве,частная клиника,сайт/профиль с публичной формой или контактами,администратор/владелец (роль; персональные данные не собирались),https://naturemind.ru/,5,lead-research-agent,new,"Перед касанием вручную открыть публичный источник, подтвердить актуальность и использовать только approved outreach-script; сейчас не отправлять.",2026-06-13,Публичный источник из web search; телефоны/email/имена не копировались. | Pain: много однотипных вопросов до записи; важно не потерять пациента и передать администратору структурированную заявку
Медицинский центр «XXI век»,частная клиника,онлайн-запись/форма заявки,администратор/владелец (роль; персональные данные не собирались),https://mc21.ru/,5,lead-research-agent,new,"Перед касанием вручную открыть публичный источник, подтвердить актуальность и использовать только approved outreach-script; сейчас не отправлять.",2026-06-13,Публичный источник из web search; телефоны/email/имена не копировались. | Pain: много однотипных вопросов до записи; важно не потерять пациента и передать администратору структурированную заявку
"Медицинский центр «Разумед», Казань",частная клиника,онлайн-запись/форма заявки,администратор/владелец (роль; персональные данные не собирались),https://razumed.su/,5,lead-research-agent,new,"Перед касанием вручную открыть публичный источник, подтвердить актуальность и использовать только approved outreach-script; сейчас не отправлять.",2026-06-13,Публичный источник из web search; телефоны/email/имена не копировались. | Pain: много однотипных вопросов до записи; важно не потерять пациента и передать администратору структурированную заявку
Медицинский центр «СМ Клиника»,частная клиника,онлайн-запись/форма заявки,администратор/владелец (роль; персональные данные не собирались),https://www.smclinic.ru/,5,lead-research-agent,new,"Перед касанием вручную открыть публичный источник, подтвердить актуальность и использовать только approved outreach-script; сейчас не отправлять.",2026-06-13,Публичный источник из web search; телефоны/email/имена не копировались. | Pain: много однотипных вопросов до записи; важно не потерять пациента и передать администратору структурированную заявку
Медфрендс,частная клиника,онлайн-запись/форма заявки,администратор/владелец (роль; персональные данные не собирались),https://mfclinic.ru/,5,lead-research-agent,new,"Перед касанием вручную открыть публичный источник, подтвердить актуальность и использовать только approved outreach-script; сейчас не отправлять.",2026-06-13,Публичный источник из web search; телефоны/email/имена не копировались. | Pain: много однотипных вопросов до записи; важно не потерять пациента и передать администратору структурированную заявку
Многопрофильный медицинский центр в Москве,частная клиника,сайт/профиль с публичной формой или контактами,администратор/владелец (роль; персональные данные не собирались),https://www.major-clinic.ru/,4,lead-research-agent,new,"Перед касанием вручную открыть публичный источник, подтвердить актуальность и использовать только approved outreach-script; сейчас не отправлять.",2026-06-13,Публичный источник из web search; телефоны/email/имена не копировались. | Pain: много однотипных вопросов до записи; важно не потерять пациента и передать администратору структурированную заявку
Семейная клиника «Доктор АННА»,частная клиника,онлайн-запись/форма заявки,администратор/владелец (роль; персональные данные не собирались),https://doctor-anna.ru/,5,lead-research-agent,new,"Перед касанием вручную открыть публичный источник, подтвердить актуальность и использовать только approved outreach-script; сейчас не отправлять.",2026-06-13,Публичный источник из web search; телефоны/email/имена не копировались. | Pain: много однотипных вопросов до записи; важно не потерять пациента и передать администратору структурированную заявку
Специализированная клиника в Санкт-Петербурге...,частная клиника,онлайн-запись/форма заявки,администратор/владелец (роль; персональные данные не собирались),https://lmtdoctor.ru/,5,lead-research-agent,new,"Перед касанием вручную открыть публичный источник, подтвердить актуальность и использовать только approved outreach-script; сейчас не отправлять.",2026-06-13,Публичный источник из web search; телефоны/email/имена не копировались. | Pain: много однотипных вопросов до записи; важно не потерять пациента и передать администратору структурированную заявку
Частная медицинская клиника в Санкт-Петербурге...,частная клиника,сайт/профиль с публичной формой или контактами,администратор/владелец (роль; персональные данные не собирались),https://medcenter3.ru/,4,lead-research-agent,new,"Перед касанием вручную открыть публичный источник, подтвердить актуальность и использовать только approved outreach-script; сейчас не отправлять.",2026-06-13,Публичный источник из web search; телефоны/email/имена не копировались. | Pain: много однотипных вопросов до записи; важно не потерять пациента и передать администратору структурированную заявку
Частная семейная клиника,частная клиника,сайт/профиль с публичной формой или контактами,администратор/владелец (роль; персональные данные не собирались),https://www.medicina.ru/,4,lead-research-agent,new,"Перед касанием вручную открыть публичный источник, подтвердить актуальность и использовать только approved outreach-script; сейчас не отправлять.",2026-06-13,Публичный источник из web search; телефоны/email/имена не копировались. | Pain: много однотипных вопросов до записи; важно не потерять пациента и передать администратору структурированную заявку
Юсуповская Больница в Москве,частная клиника,онлайн-запись/форма заявки,администратор/владелец (роль; персональные данные не собирались),https://yusupovs.com/,5,lead-research-agent,new,"Перед касанием вручную открыть публичный источник, подтвердить актуальность и использовать только approved outreach-script; сейчас не отправлять.",2026-06-13,Публичный источник из web search; телефоны/email/имена не копировались. | Pain: много однотипных вопросов до записи; важно не потерять пациента и передать администратору структурированную заявку
Анатомия,косметология,WhatsApp публично указан; Telegram публично указан,администратор/владелец (роль; персональные данные не собирались),https://www.anatomia-clinic.ru/,5,lead-research-agent,new,"Перед касанием вручную открыть публичный источник, подтвердить актуальность и использовать только approved outreach-script; сейчас не отправлять.",2026-06-13,"Публичный источник из web search; телефоны/email/имена не копировались. | Pain: клиент выбирает процедуру через вопросы в мессенджере; бот может собрать желаемую услугу, окно записи и противопоказания без медсоветов"
Клиника косметологии в Москве: косметологические...,косметология,сайт/профиль с публичной формой или контактами,администратор/владелец (роль; персональные данные не собирались),https://buntclinic.ru/,4,lead-research-agent,new,"Перед касанием вручную открыть публичный источник, подтвердить актуальность и использовать только approved outreach-script; сейчас не отправлять.",2026-06-13,"Публичный источник из web search; телефоны/email/имена не копировались. | Pain: клиент выбирает процедуру через вопросы в мессенджере; бот может собрать желаемую услугу, окно записи и противопоказания без медсоветов"
Косметология на Бауманской в Москве,косметология,онлайн-запись/форма заявки,администратор/владелец (роль; персональные данные не собирались),https://olaclinic.ru/,5,lead-research-agent,new,"Перед касанием вручную открыть публичный источник, подтвердить актуальность и использовать только approved outreach-script; сейчас не отправлять.",2026-06-13,"Публичный источник из web search; телефоны/email/имена не копировались. | Pain: клиент выбирает процедуру через вопросы в мессенджере; бот может собрать желаемую услугу, окно записи и противопоказания без медсоветов"
Медицинский центр косметологии и красоты «Я Люблю»,косметология,онлайн-запись/форма заявки,администратор/владелец (роль; персональные данные не собирались),https://ilove.clinic/,5,lead-research-agent,new,"Перед касанием вручную открыть публичный источник, подтвердить актуальность и использовать только approved outreach-script; сейчас не отправлять.",2026-06-13,"Публичный источник из web search; телефоны/email/имена не копировались. | Pain: клиент выбирает процедуру через вопросы в мессенджере; бот может собрать желаемую услугу, окно записи и противопоказания без медсоветов"
"Салон красоты ОК метро Отрадное, Москва, ул. Бестужевых, д. 27а",косметология,WhatsApp публично указан; онлайн-запись/форма заявки,администратор/владелец (роль; персональные данные не собирались),https://okotradnoe.ru/,5,lead-research-agent,new,"Перед касанием вручную открыть публичный источник, подтвердить актуальность и использовать только approved outreach-script; сейчас не отправлять.",2026-06-13,"Публичный источник из web search; телефоны/email/имена не копировались. | Pain: клиент выбирает процедуру через вопросы в мессенджере; бот может собрать желаемую услугу, окно записи и противопоказания без медсоветов"
Салон красоты на Войковской Runway Beauty,косметология,сайт/профиль с публичной формой или контактами,администратор/владелец (роль; персональные данные не собирались),https://rwbeauty.ru/,4,lead-research-agent,new,"Перед касанием вручную открыть публичный источник, подтвердить актуальность и использовать только approved outreach-script; сейчас не отправлять.",2026-06-13,"Публичный источник из web search; телефоны/email/имена не копировались. | Pain: клиент выбирает процедуру через вопросы в мессенджере; бот может собрать желаемую услугу, окно записи и противопоказания без медсоветов"
Салон эпиляции и косметологии в Москве,косметология,WhatsApp публично указан; Telegram публично указан,администратор/владелец (роль; персональные данные не собирались),https://bodymed.online/,5,lead-research-agent,new,"Перед касанием вручную открыть публичный источник, подтвердить актуальность и использовать только approved outreach-script; сейчас не отправлять.",2026-06-13,"Публичный источник из web search; телефоны/email/имена не копировались. | Pain: клиент выбирает процедуру через вопросы в мессенджере; бот может собрать желаемую услугу, окно записи и противопоказания без медсоветов"
"Сеть клиник пластической хирургии и косметологии Frau Klinik""",косметология,сайт/профиль с публичной формой или контактами,администратор/владелец (роль; персональные данные не собирались),https://www.frauklinik.ru/,4,lead-research-agent,new,"Перед касанием вручную открыть публичный источник, подтвердить актуальность и использовать только approved outreach-script; сейчас не отправлять.",2026-06-13,"Публичный источник из web search; телефоны/email/имена не копировались. | Pain: клиент выбирает процедуру через вопросы в мессенджере; бот может собрать желаемую услугу, окно записи и противопоказания без медсоветов"
"Центр здоровья и красоты ""Океан смыслов"" в Москве",косметология,онлайн-запись/форма заявки,администратор/владелец (роль; персональные данные не собирались),https://oceanstudia.ru/,5,lead-research-agent,new,"Перед касанием вручную открыть публичный источник, подтвердить актуальность и использовать только approved outreach-script; сейчас не отправлять.",2026-06-13,"Публичный источник из web search; телефоны/email/имена не копировались. | Pain: клиент выбирает процедуру через вопросы в мессенджере; бот может собрать желаемую услугу, окно записи и противопоказания без медсоветов"
"Эссет Москва, Орджоникидзе 12с4, 1208",косметология,WhatsApp публично указан; онлайн-запись/форма заявки,администратор/владелец (роль; персональные данные не собирались),https://dikidi.ru/ru/profile/esset_2090669,5,lead-research-agent,new,"Перед касанием вручную открыть публичный источник, подтвердить актуальность и использовать только approved outreach-script; сейчас не отправлять.",2026-06-13,"Публичный источник из web search; телефоны/email/имена не копировались. | Pain: клиент выбирает процедуру через вопросы в мессенджере; бот может собрать желаемую услугу, окно записи и противопоказания без медсоветов"
DANCE & BEAUTY,салон красоты,WhatsApp публично указан,администратор/владелец (роль; персональные данные не собирались),https://dancebeauty.ru/,4,lead-research-agent,new,"Перед касанием вручную открыть публичный источник, подтвердить актуальность и использовать только approved outreach-script; сейчас не отправлять.",2026-06-13,"Публичный источник из web search; телефоны/email/имена не копировались. | Pain: запись часто идёт через мессенджеры; бот может уточнить услугу, мастера и время, не перегружая администратора"
KhoninDementeva Салон красоты,салон красоты,WhatsApp публично указан; онлайн-запись/форма заявки; VK,администратор/владелец (роль; персональные данные не собирались),https://vk.com/khonindementeva,4,lead-research-agent,new,"Перед касанием вручную открыть публичный источник, подтвердить актуальность и использовать только approved outreach-script; сейчас не отправлять.",2026-06-13,"Публичный источник из web search; телефоны/email/имена не копировались. | Pain: запись часто идёт через мессенджеры; бот может уточнить услугу, мастера и время, не перегружая администратора"
Онлайн запись,салон красоты,сайт/профиль с публичной формой или контактами,администратор/владелец (роль; персональные данные не собирались),https://primenailbar.ru/,3,lead-research-agent,nurture,"Перед касанием вручную открыть публичный источник, подтвердить актуальность и использовать только approved outreach-script; сейчас не отправлять.",2026-06-13,"Публичный источник из web search; телефоны/email/имена не копировались. | Pain: запись часто идёт через мессенджеры; бот может уточнить услугу, мастера и время, не перегружая администратора"
Салон красоты ТИШЕ,салон красоты,сайт/профиль с публичной формой или контактами,администратор/владелец (роль; персональные данные не собирались),https://tishemsk.ru/,3,lead-research-agent,nurture,"Перед касанием вручную открыть публичный источник, подтвердить актуальность и использовать только approved outreach-script; сейчас не отправлять.",2026-06-13,"Публичный источник из web search; телефоны/email/имена не копировались. | Pain: запись часто идёт через мессенджеры; бот может уточнить услугу, мастера и время, не перегружая администратора"
Сеть салонов красоты EVA PILOYAN,салон красоты,сайт/профиль с публичной формой или контактами,администратор/владелец (роль; персональные данные не собирались),https://evapiloyan.ru/,3,lead-research-agent,nurture,"Перед касанием вручную открыть публичный источник, подтвердить актуальность и использовать только approved outreach-script; сейчас не отправлять.",2026-06-13,"Публичный источник из web search; телефоны/email/имена не копировались. | Pain: запись часто идёт через мессенджеры; бот может уточнить услугу, мастера и время, не перегружая администратора"
ЦVЕТИ САЛОН КРАСОТЫ,салон красоты,онлайн-запись/форма заявки,администратор/владелец (роль; персональные данные не собирались),https://tsvetibeauty.ru/,4,lead-research-agent,new,"Перед касанием вручную открыть публичный источник, подтвердить актуальность и использовать только approved outreach-script; сейчас не отправлять.",2026-06-13,"Публичный источник из web search; телефоны/email/имена не копировались. | Pain: запись часто идёт через мессенджеры; бот может уточнить услугу, мастера и время, не перегружая администратора"
Центр Красоты НОЛА на Павелецкой,салон красоты,сайт/профиль с публичной формой или контактами,администратор/владелец (роль; персональные данные не собирались),https://nola.ru/,3,lead-research-agent,nurture,"Перед касанием вручную открыть публичный источник, подтвердить актуальность и использовать только approved outreach-script; сейчас не отправлять.",2026-06-13,"Публичный источник из web search; телефоны/email/имена не копировались. | Pain: запись часто идёт через мессенджеры; бот может уточнить услугу, мастера и время, не перегружая администратора"
Britvabarber — Главная,барбершоп,онлайн-запись/форма заявки,администратор/владелец (роль; персональные данные не собирались),https://britvabarber.ru/,4,lead-research-agent,new,"Перед касанием вручную открыть публичный источник, подтвердить актуальность и использовать только approved outreach-script; сейчас не отправлять.",2026-06-13,Публичный источник из web search; телефоны/email/имена не копировались. | Pain: повторные записи и выбор слота; бот может принять заявку и передать администратору без пропуска сообщений
БАРБЕРШОП FABRIC13,барбершоп,WhatsApp публично указан; онлайн-запись/форма заявки; VK,администратор/владелец (роль; персональные данные не собирались),https://vk.com/fabric13barber,4,lead-research-agent,new,"Перед касанием вручную открыть публичный источник, подтвердить актуальность и использовать только approved outreach-script; сейчас не отправлять.",2026-06-13,Публичный источник из web search; телефоны/email/имена не копировались. | Pain: повторные записи и выбор слота; бот может принять заявку и передать администратору без пропуска сообщений
Барбершоп в Москве цены записаться на стрижку рядом онлайн,барбершоп,онлайн-запись/форма заявки,администратор/владелец (роль; персональные данные не собирались),https://firmbarbershop.ru/,4,lead-research-agent,new,"Перед касанием вручную открыть публичный источник, подтвердить актуальность и использовать только approved outreach-script; сейчас не отправлять.",2026-06-13,Публичный источник из web search; телефоны/email/имена не копировались. | Pain: повторные записи и выбор слота; бот может принять заявку и передать администратору без пропуска сообщений
Brilliant Detail,детейлинг,WhatsApp публично указан,администратор/владелец (роль; персональные данные не собирались),https://brilliant-detail.ru/,5,lead-research-agent,new,"Перед касанием вручную открыть публичный источник, подтвердить актуальность и использовать только approved outreach-script; сейчас не отправлять.",2026-06-13,"Публичный источник из web search; телефоны/email/имена не копировались. | Pain: заявка требует уточнить авто, услугу и желаемую дату; бот экономит время менеджера и повышает скорость ответа"
Бронь лобаша ЗАПИСЫВАЙСЯ по Тел. или WhatsApp...,детейлинг,онлайн-запись/форма заявки; VK,администратор/владелец (роль; персональные данные не собирались),https://vk.com/wall-213041556_26,5,lead-research-agent,new,"Перед касанием вручную открыть публичный источник, подтвердить актуальность и использовать только approved outreach-script; сейчас не отправлять.",2026-06-13,"Публичный источник из web search; телефоны/email/имена не копировались. | Pain: заявка требует уточнить авто, услугу и желаемую дату; бот экономит время менеджера и повышает скорость ответа"
Детейлинг авто,детейлинг,сайт/профиль с публичной формой или контактами,администратор/владелец (роль; персональные данные не собирались),https://detailing-on.ru/,4,lead-research-agent,new,"Перед касанием вручную открыть публичный источник, подтвердить актуальность и использовать только approved outreach-script; сейчас не отправлять.",2026-06-13,"Публичный источник из web search; телефоны/email/имена не копировались. | Pain: заявка требует уточнить авто, услугу и желаемую дату; бот экономит время менеджера и повышает скорость ответа"
"Детейлинг центр в Москве, профессиональная студия DOTCARS",детейлинг,онлайн-запись/форма заявки,администратор/владелец (роль; персональные данные не собирались),https://dotcars.ru/,5,lead-research-agent,new,"Перед касанием вручную открыть публичный источник, подтвердить актуальность и использовать только approved outreach-script; сейчас не отправлять.",2026-06-13,"Публичный источник из web search; телефоны/email/имена не копировались. | Pain: заявка требует уточнить авто, услугу и желаемую дату; бот экономит время менеджера и повышает скорость ответа"
"Детейлинг центр, мойка автомобиля в Москве, СПб, Казани...",детейлинг,WhatsApp публично указан; онлайн-запись/форма заявки,администратор/владелец (роль; персональные данные не собирались),https://carbase-dc.ru/,5,lead-research-agent,new,"Перед касанием вручную открыть публичный источник, подтвердить актуальность и использовать только approved outreach-script; сейчас не отправлять.",2026-06-13,"Публичный источник из web search; телефоны/email/имена не копировались. | Pain: заявка требует уточнить авто, услугу и желаемую дату; бот экономит время менеджера и повышает скорость ответа"
"оклейка, бронирование, москва, пленка, полиуретоновая",детейлинг,сайт/профиль с публичной формой или контактами,администратор/владелец (роль; персональные данные не собирались),https://do-predela.ru/,4,lead-research-agent,new,"Перед касанием вручную открыть публичный источник, подтвердить актуальность и использовать только approved outreach-script; сейчас не отправлять.",2026-06-13,"Публичный источник из web search; телефоны/email/имена не копировались. | Pain: заявка требует уточнить авто, услугу и желаемую дату; бот экономит время менеджера и повышает скорость ответа"
Awm king mechanik,кузовной ремонт,WhatsApp публично указан; VK,администратор/владелец (роль; персональные данные не собирались),https://vk.com/wall-128278509,5,lead-research-agent,new,"Перед касанием вручную открыть публичный источник, подтвердить актуальность и использовать только approved outreach-script; сейчас не отправлять.",2026-06-13,Публичный источник из web search; телефоны/email/имена не копировались. | Pain: нужно собрать фото/описание повреждения и контакты до оценки; бот может формировать первичный бриф
Deteling Auto — Детейлинг,кузовной ремонт,сайт/профиль с публичной формой или контактами,администратор/владелец (роль; персональные данные не собирались),https://deteling-auto.my1.ru/index/kuzovnoi_remont/0-10,4,lead-research-agent,new,"Перед касанием вручную открыть публичный источник, подтвердить актуальность и использовать только approved outreach-script; сейчас не отправлять.",2026-06-13,Публичный источник из web search; телефоны/email/имена не копировались. | Pain: нужно собрать фото/описание повреждения и контакты до оценки; бот может формировать первичный бриф
Кузовной ремонт автомобилей в голицыно,кузовной ремонт,сайт/профиль с публичной формой или контактами,администратор/владелец (роль; персональные данные не собирались),https://rzona.pro/,4,lead-research-agent,new,"Перед касанием вручную открыть публичный источник, подтвердить актуальность и использовать только approved outreach-script; сейчас не отправлять.",2026-06-13,Публичный источник из web search; телефоны/email/имена не копировались. | Pain: нужно собрать фото/описание повреждения и контакты до оценки; бот может формировать первичный бриф
Удаление вмятин без покраски в Москве,кузовной ремонт,сайт/профиль с публичной формой или контактами,администратор/владелец (роль; персональные данные не собирались),https://xn--b1afkpce5ac0j.xn--p1ai/,5,lead-research-agent,new,"Перед касанием вручную открыть публичный источник, подтвердить актуальность и использовать только approved outreach-script; сейчас не отправлять.",2026-06-13,Публичный источник из web search; телефоны/email/имена не копировались. | Pain: нужно собрать фото/описание повреждения и контакты до оценки; бот может формировать первичный бриф
Автоподбор Москва,автоподбор,WhatsApp публично указан; VK,администратор/владелец (роль; персональные данные не собирались),https://vk.com/avtopodbor_moscow,5,lead-research-agent,new,"Перед касанием вручную открыть публичный источник, подтвердить актуальность и использовать только approved outreach-script; сейчас не отправлять.",2026-06-13,Публичный источник из web search; телефоны/email/имена не копировались. | Pain: длинный первичный бриф по бюджету/марке/срокам; бот может квалифицировать заявку до созвона
Автоподбор и Проверки автомобилей в Москве,автоподбор,сайт/профиль с публичной формой или контактами,администратор/владелец (роль; персональные данные не собирались),https://getpodbor.ru/,4,lead-research-agent,new,"Перед касанием вручную открыть публичный источник, подтвердить актуальность и использовать только approved outreach-script; сейчас не отправлять.",2026-06-13,Публичный источник из web search; телефоны/email/имена не копировались. | Pain: длинный первичный бриф по бюджету/марке/срокам; бот может квалифицировать заявку до созвона
Автоподбор по всей России,автоподбор,сайт/профиль с публичной формой или контактами,администратор/владелец (роль; персональные данные не собирались),https://dss-g.ru/,4,lead-research-agent,new,"Перед касанием вручную открыть публичный источник, подтвердить актуальность и использовать только approved outreach-script; сейчас не отправлять.",2026-06-13,Публичный источник из web search; телефоны/email/имена не копировались. | Pain: длинный первичный бриф по бюджету/марке/срокам; бот может квалифицировать заявку до созвона
Грузовой шиномонтаж круглосуточно (24 часа) в Москве,шиномонтаж,онлайн-запись/форма заявки,администратор/владелец (роль; персональные данные не собирались),https://profi.ru/remont/gruzovoi-shinomontazh/24-hours/,4,lead-research-agent,new,"Перед касанием вручную открыть публичный источник, подтвердить актуальность и использовать только approved outreach-script; сейчас не отправлять.",2026-06-13,Публичный источник из web search; телефоны/email/имена не копировались. | Pain: сезонные пиковые обращения и быстрые слоты; бот может принять заявку на время/услугу
Самый дешевый шиномонтаж в Москве с онлайн записью.,шиномонтаж,онлайн-запись/форма заявки,администратор/владелец (роль; персональные данные не собирались),https://pit-stops.ru/moskva,4,lead-research-agent,new,"Перед касанием вручную открыть публичный источник, подтвердить актуальность и использовать только approved outreach-script; сейчас не отправлять.",2026-06-13,Публичный источник из web search; телефоны/email/имена не копировались. | Pain: сезонные пиковые обращения и быстрые слоты; бот может принять заявку на время/услугу
"Шиномонтаж, цены на шиномонтаж",шиномонтаж,онлайн-запись/форма заявки,администратор/владелец (роль; персональные данные не собирались),https://mosautoshina.ru/fitting/,4,lead-research-agent,new,"Перед касанием вручную открыть публичный источник, подтвердить актуальность и использовать только approved outreach-script; сейчас не отправлять.",2026-06-13,Публичный источник из web search; телефоны/email/имена не копировались. | Pain: сезонные пиковые обращения и быстрые слоты; бот может принять заявку на время/услугу
Автосервис «Белый сервис» в Казани,автосервис,сайт/профиль с публичной формой или контактами,администратор/владелец (роль; персональные данные не собирались),https://kazan.beliyservice.ru/,3,lead-research-agent,nurture,"Перед касанием вручную открыть публичный источник, подтвердить актуальность и использовать только approved outreach-script; сейчас не отправлять.",2026-06-13,"Публичный источник из web search; телефоны/email/имена не копировались. | Pain: много заявок с разной симптоматикой; бот может уточнить марку, проблему и удобное время"
Автосервис в Казани,автосервис,онлайн-запись/форма заявки,администратор/владелец (роль; персональные данные не собирались),https://kazan.fitauto.ru/,4,lead-research-agent,new,"Перед касанием вручную открыть публичный источник, подтвердить актуальность и использовать только approved outreach-script; сейчас не отправлять.",2026-06-13,"Публичный источник из web search; телефоны/email/имена не копировались. | Pain: много заявок с разной симптоматикой; бот может уточнить марку, проблему и удобное время"
ВАГ Сервис Казань,автосервис,сайт/профиль с публичной формой или контактами,администратор/владелец (роль; персональные данные не собирались),https://xn-----6kccahcgtxiz6b8ane7q.xn--p1ai/,3,lead-research-agent,nurture,"Перед касанием вручную открыть публичный источник, подтвердить актуальность и использовать только approved outreach-script; сейчас не отправлять.",2026-06-13,"Публичный источник из web search; телефоны/email/имена не копировались. | Pain: много заявок с разной симптоматикой; бот может уточнить марку, проблему и удобное время"
Элит Моторс,автосервис,WhatsApp публично указан; Telegram публично указан,администратор/владелец (роль; персональные данные не собирались),https://elit-motors-ulitsa-telmana.clients.site/,4,lead-research-agent,new,"Перед касанием вручную открыть публичный источник, подтвердить актуальность и использовать только approved outreach-script; сейчас не отправлять.",2026-06-13,"Публичный источник из web search; телефоны/email/имена не копировались. | Pain: много заявок с разной симптоматикой; бот может уточнить марку, проблему и удобное время"
Дизайнерский ремонт под ключ в Уфе,ремонт квартир,сайт/профиль с публичной формой или контактами,администратор/владелец (роль; персональные данные не собирались),https://vr-ufa.ru/,4,lead-research-agent,new,"Перед касанием вручную открыть публичный источник, подтвердить актуальность и использовать только approved outreach-script; сейчас не отправлять.",2026-06-13,"Публичный источник из web search; телефоны/email/имена не копировались. | Pain: дорогой лид требует квалификации по объекту, бюджету и срокам; бот собирает бриф до звонка"
Калькулятор ремонта квартиры,ремонт квартир,онлайн-запись/форма заявки,администратор/владелец (роль; персональные данные не собирались),https://remont-troick.ru/kalkulyator-stoimosti-remonta,5,lead-research-agent,new,"Перед касанием вручную открыть публичный источник, подтвердить актуальность и использовать только approved outreach-script; сейчас не отправлять.",2026-06-13,"Публичный источник из web search; телефоны/email/имена не копировались. | Pain: дорогой лид требует квалификации по объекту, бюджету и срокам; бот собирает бриф до звонка"
Калькулятор стоимости ремонта квартиры в Москве,ремонт квартир,онлайн-запись/форма заявки,администратор/владелец (роль; персональные данные не собирались),https://monolit-mos.ru/calculator,5,lead-research-agent,new,"Перед касанием вручную открыть публичный источник, подтвердить актуальность и использовать только approved outreach-script; сейчас не отправлять.",2026-06-13,"Публичный источник из web search; телефоны/email/имена не копировались. | Pain: дорогой лид требует квалификации по объекту, бюджету и срокам; бот собирает бриф до звонка"
Полный прайс-лист с ценами на ремонтно-строительные работы...,ремонт квартир,онлайн-запись/форма заявки,администратор/владелец (роль; персональные данные не собирались),https://garantstroikompleks.ru/prajs-list,5,lead-research-agent,new,"Перед касанием вручную открыть публичный источник, подтвердить актуальность и использовать только approved outreach-script; сейчас не отправлять.",2026-06-13,"Публичный источник из web search; телефоны/email/имена не копировались. | Pain: дорогой лид требует квалификации по объекту, бюджету и срокам; бот собирает бриф до звонка"
Ремонт квартир в Санкт-Петербурге • 2026,ремонт квартир,сайт/профиль с публичной формой или контактами,администратор/владелец (роль; персональные данные не собирались),https://remont-otdelka.ru/,4,lead-research-agent,new,"Перед касанием вручную открыть публичный источник, подтвердить актуальность и использовать только approved outreach-script; сейчас не отправлять.",2026-06-13,"Публичный источник из web search; телефоны/email/имена не копировались. | Pain: дорогой лид требует квалификации по объекту, бюджету и срокам; бот собирает бриф до звонка"
Ремонт квартир под ключ в Москве,ремонт квартир,сайт/профиль с публичной формой или контактами,администратор/владелец (роль; персональные данные не собирались),https://youdo.com/bytovoj-remont/repair/flat,4,lead-research-agent,new,"Перед касанием вручную открыть публичный источник, подтвердить актуальность и использовать только approved outreach-script; сейчас не отправлять.",2026-06-13,"Публичный источник из web search; телефоны/email/имена не копировались. | Pain: дорогой лид требует квалификации по объекту, бюджету и срокам; бот собирает бриф до звонка"
Цены на ремонт квартир под ключ в Москве,ремонт квартир,онлайн-запись/форма заявки,администратор/владелец (роль; персональные данные не собирались),https://stroyremdizayn.ru/cena-remonta-i-otdelki-kvartir-pod-klyuch/,5,lead-research-agent,new,"Перед касанием вручную открыть публичный источник, подтвердить актуальность и использовать только approved outreach-script; сейчас не отправлять.",2026-06-13,"Публичный источник из web search; телефоны/email/имена не копировались. | Pain: дорогой лид требует квалификации по объекту, бюджету и срокам; бот собирает бриф до звонка"
Шпаклевка стен и цена за квадратный метр работы частного...,ремонт квартир,WhatsApp публично указан; онлайн-запись/форма заявки,администратор/владелец (роль; персональные данные не собирались),https://remontami7.ru/shpaklevka-sten-cena,5,lead-research-agent,new,"Перед касанием вручную открыть публичный источник, подтвердить актуальность и использовать только approved outreach-script; сейчас не отправлять.",2026-06-13,"Публичный источник из web search; телефоны/email/имена не копировались. | Pain: дорогой лид требует квалификации по объекту, бюджету и срокам; бот собирает бриф до звонка"
"Випсилинг, натяжные потолки №1 в Москве",натяжные потолки,сайт/профиль с публичной формой или контактами,администратор/владелец (роль; персональные данные не собирались),https://vipceiling.ru/moscow/,4,lead-research-agent,new,"Перед касанием вручную открыть публичный источник, подтвердить актуальность и использовать только approved outreach-script; сейчас не отправлять.",2026-06-13,Публичный источник из web search; телефоны/email/имена не копировались. | Pain: заявки на замер требуют адрес/площадь/сроки; бот может собрать данные и передать менеджеру
"Натяжные потолки Москва, тканевый натяжной...",натяжные потолки,сайт/профиль с публичной формой или контактами,администратор/владелец (роль; персональные данные не собирались),https://www.potolochkin.ru/,4,lead-research-agent,new,"Перед касанием вручную открыть публичный источник, подтвердить актуальность и использовать только approved outreach-script; сейчас не отправлять.",2026-06-13,Публичный источник из web search; телефоны/email/имена не копировались. | Pain: заявки на замер требуют адрес/площадь/сроки; бот может собрать данные и передать менеджеру
"Натяжные потолки в Москве, цены с установкой от...",натяжные потолки,сайт/профиль с публичной формой или контактами,администратор/владелец (роль; персональные данные не собирались),https://potolok.net/,4,lead-research-agent,new,"Перед касанием вручную открыть публичный источник, подтвердить актуальность и использовать только approved outreach-script; сейчас не отправлять.",2026-06-13,Публичный источник из web search; телефоны/email/имена не копировались. | Pain: заявки на замер требуют адрес/площадь/сроки; бот может собрать данные и передать менеджеру
Натяжные потолки в Москве...,натяжные потолки,сайт/профиль с публичной формой или контактами,администратор/владелец (роль; персональные данные не собирались),https://thepotolki.ru/,4,lead-research-agent,new,"Перед касанием вручную открыть публичный источник, подтвердить актуальность и использовать только approved outreach-script; сейчас не отправлять.",2026-06-13,Публичный источник из web search; телефоны/email/имена не копировались. | Pain: заявки на замер требуют адрес/площадь/сроки; бот может собрать данные и передать менеджеру
Натяжные потолки с установкой,натяжные потолки,онлайн-запись/форма заявки,администратор/владелец (роль; персональные данные не собирались),https://xn--h1acdcbkiabgrmg6jn.xn--p1ai/,5,lead-research-agent,new,"Перед касанием вручную открыть публичный источник, подтвердить актуальность и использовать только approved outreach-script; сейчас не отправлять.",2026-06-13,Публичный источник из web search; телефоны/email/имена не копировались. | Pain: заявки на замер требуют адрес/площадь/сроки; бот может собрать данные и передать менеджеру
Натяжные потолки №1 в Москве,натяжные потолки,онлайн-запись/форма заявки,администратор/владелец (роль; персональные данные не собирались),https://tmk-potolok.ru/,5,lead-research-agent,new,"Перед касанием вручную открыть публичный источник, подтвердить актуальность и использовать только approved outreach-script; сейчас не отправлять.",2026-06-13,Публичный источник из web search; телефоны/email/имена не копировались. | Pain: заявки на замер требуют адрес/площадь/сроки; бот может собрать данные и передать менеджеру
Oknarosta — Пластиковые окна,окна,сайт/профиль с публичной формой или контактами,администратор/владелец (роль; персональные данные не собирались),https://www.oknarosta.ru/,4,lead-research-agent,new,"Перед касанием вручную открыть публичный источник, подтвердить актуальность и использовать только approved outreach-script; сейчас не отправлять.",2026-06-13,Публичный источник из web search; телефоны/email/имена не копировались. | Pain: расчёт требует параметров и замера; бот может принять первичные размеры/адрес/срок
Пластиковые окна в Москве и МО,окна,сайт/профиль с публичной формой или контактами,администратор/владелец (роль; персональные данные не собирались),https://plastokna-msk.ru/,4,lead-research-agent,new,"Перед касанием вручную открыть публичный источник, подтвердить актуальность и использовать только approved outreach-script; сейчас не отправлять.",2026-06-13,Публичный источник из web search; телефоны/email/имена не копировались. | Pain: расчёт требует параметров и замера; бот может принять первичные размеры/адрес/срок
Пластиковые окна в Москве с установкой,окна,сайт/профиль с публичной формой или контактами,администратор/владелец (роль; персональные данные не собирались),https://okno.ru/,4,lead-research-agent,new,"Перед касанием вручную открыть публичный источник, подтвердить актуальность и использовать только approved outreach-script; сейчас не отправлять.",2026-06-13,Публичный источник из web search; телефоны/email/имена не копировались. | Pain: расчёт требует параметров и замера; бот может принять первичные размеры/адрес/срок
Пластиковые окна от производителя,окна,сайт/профиль с публичной формой или контактами,администратор/владелец (роль; персональные данные не собирались),https://okna2-0.ru/,4,lead-research-agent,new,"Перед касанием вручную открыть публичный источник, подтвердить актуальность и использовать только approved outreach-script; сейчас не отправлять.",2026-06-13,Публичный источник из web search; телефоны/email/имена не копировались. | Pain: расчёт требует параметров и замера; бот может принять первичные размеры/адрес/срок
Пластиковые окна от производителя в Москве,окна,сайт/профиль с публичной формой или контактами,администратор/владелец (роль; персональные данные не собирались),https://www.mosokna.ru/,4,lead-research-agent,new,"Перед касанием вручную открыть публичный источник, подтвердить актуальность и использовать только approved outreach-script; сейчас не отправлять.",2026-06-13,Публичный источник из web search; телефоны/email/имена не копировались. | Pain: расчёт требует параметров и замера; бот может принять первичные размеры/адрес/срок
Пластиковые окна: заказать в Москве,окна,WhatsApp публично указан,администратор/владелец (роль; персональные данные не собирались),https://okno.ooo/,5,lead-research-agent,new,"Перед касанием вручную открыть публичный источник, подтвердить актуальность и использовать только approved outreach-script; сейчас не отправлять.",2026-06-13,Публичный источник из web search; телефоны/email/имена не копировались. | Pain: расчёт требует параметров и замера; бот может принять первичные размеры/адрес/срок
20 MIN I Школа английского языка в телеграм,онлайн-школа,онлайн-запись/форма заявки,администратор/владелец (роль; персональные данные не собирались),https://20minschool.online/,5,lead-research-agent,new,"Перед касанием вручную открыть публичный источник, подтвердить актуальность и использовать только approved outreach-script; сейчас не отправлять.",2026-06-13,"Публичный источник из web search; телефоны/email/имена не копировались. | Pain: лиды с рекламы/соцсетей задают повторяющиеся вопросы; бот может квалифицировать интерес, уровень и записать на пробный шаг"
Курсы,онлайн-школа,онлайн-запись/форма заявки,администратор/владелец (роль; персональные данные не собирались),https://lk.clubpixel.ru/,5,lead-research-agent,new,"Перед касанием вручную открыть публичный источник, подтвердить актуальность и использовать только approved outreach-script; сейчас не отправлять.",2026-06-13,"Публичный источник из web search; телефоны/email/имена не копировались. | Pain: лиды с рекламы/соцсетей задают повторяющиеся вопросы; бот может квалифицировать интерес, уровень и записать на пробный шаг"
Курсы английский онлайн обучение,онлайн-школа,онлайн-запись/форма заявки,администратор/владелец (роль; персональные данные не собирались),https://profieng.ru/,5,lead-research-agent,new,"Перед касанием вручную открыть публичный источник, подтвердить актуальность и использовать только approved outreach-script; сейчас не отправлять.",2026-06-13,"Публичный источник из web search; телефоны/email/имена не копировались. | Pain: лиды с рекламы/соцсетей задают повторяющиеся вопросы; бот может квалифицировать интерес, уровень и записать на пробный шаг"
Курсы программирования для детей,онлайн-школа,онлайн-запись/форма заявки,администратор/владелец (роль; персональные данные не собирались),https://foxford.ru/programming,5,lead-research-agent,new,"Перед касанием вручную открыть публичный источник, подтвердить актуальность и использовать только approved outreach-script; сейчас не отправлять.",2026-06-13,"Публичный источник из web search; телефоны/email/имена не копировались. | Pain: лиды с рекламы/соцсетей задают повторяющиеся вопросы; бот может квалифицировать интерес, уровень и записать на пробный шаг"
Обучение английскому языку онлайн в онлайн школе Lingua...,онлайн-школа,онлайн-запись/форма заявки,администратор/владелец (роль; персональные данные не собирались),https://lingua-airlines.ru/,5,lead-research-agent,new,"Перед касанием вручную открыть публичный источник, подтвердить актуальность и использовать только approved outreach-script; сейчас не отправлять.",2026-06-13,"Публичный источник из web search; телефоны/email/имена не копировались. | Pain: лиды с рекламы/соцсетей задают повторяющиеся вопросы; бот может квалифицировать интерес, уровень и записать на пробный шаг"
Онлайн курсы английского ЛингвоЛэнд,онлайн-школа,онлайн-запись/форма заявки,администратор/владелец (роль; персональные данные не собирались),https://lingvoland.online/,5,lead-research-agent,new,"Перед касанием вручную открыть публичный источник, подтвердить актуальность и использовать только approved outreach-script; сейчас не отправлять.",2026-06-13,"Публичный источник из web search; телефоны/email/имена не копировались. | Pain: лиды с рекламы/соцсетей задают повторяющиеся вопросы; бот может квалифицировать интерес, уровень и записать на пробный шаг"
Онлайн курсы маркетинга,онлайн-школа,онлайн-запись/форма заявки,администратор/владелец (роль; персональные данные не собирались),https://skillbox.ru/marketing/,5,lead-research-agent,new,"Перед касанием вручную открыть публичный источник, подтвердить актуальность и использовать только approved outreach-script; сейчас не отправлять.",2026-06-13,"Публичный источник из web search; телефоны/email/имена не копировались. | Pain: лиды с рекламы/соцсетей задают повторяющиеся вопросы; бот может квалифицировать интерес, уровень и записать на пробный шаг"
Онлайн курсы программирования,онлайн-школа,онлайн-запись/форма заявки,администратор/владелец (роль; персональные данные не собирались),https://skillbox.ru/code/,5,lead-research-agent,new,"Перед касанием вручную открыть публичный источник, подтвердить актуальность и использовать только approved outreach-script; сейчас не отправлять.",2026-06-13,"Публичный источник из web search; телефоны/email/имена не копировались. | Pain: лиды с рекламы/соцсетей задают повторяющиеся вопросы; бот может квалифицировать интерес, уровень и записать на пробный шаг"
"Онлайн школа для взрослых и детей. Обучение в Zoom, Teams...",онлайн-школа,онлайн-запись/форма заявки,администратор/владелец (роль; персональные данные не собирались),https://www.toptutors.ru/,5,lead-research-agent,new,"Перед касанием вручную открыть публичный источник, подтвердить актуальность и использовать только approved outreach-script; сейчас не отправлять.",2026-06-13,"Публичный источник из web search; телефоны/email/имена не копировались. | Pain: лиды с рекламы/соцсетей задают повторяющиеся вопросы; бот может квалифицировать интерес, уровень и записать на пробный шаг"
Онлайн школа программирования BrainGo,онлайн-школа,онлайн-запись/форма заявки,администратор/владелец (роль; персональные данные не собирались),https://braingo.ru/online,5,lead-research-agent,new,"Перед касанием вручную открыть публичный источник, подтвердить актуальность и использовать только approved outreach-script; сейчас не отправлять.",2026-06-13,"Публичный источник из web search; телефоны/email/имена не копировались. | Pain: лиды с рекламы/соцсетей задают повторяющиеся вопросы; бот может квалифицировать интерес, уровень и записать на пробный шаг"
Онлайн-курсы английского языка для детей,онлайн-школа,онлайн-запись/форма заявки,администратор/владелец (роль; персональные данные не собирались),https://xn--80ailddc9bg.xn--p1ai/,5,lead-research-agent,new,"Перед касанием вручную открыть публичный источник, подтвердить актуальность и использовать только approved outreach-script; сейчас не отправлять.",2026-06-13,"Публичный источник из web search; телефоны/email/имена не копировались. | Pain: лиды с рекламы/соцсетей задают повторяющиеся вопросы; бот может квалифицировать интерес, уровень и записать на пробный шаг"
Онлайн-школа «Улей»,онлайн-школа,онлайн-запись/форма заявки,администратор/владелец (роль; персональные данные не собирались),https://uley.io/,5,lead-research-agent,new,"Перед касанием вручную открыть публичный источник, подтвердить актуальность и использовать только approved outreach-script; сейчас не отправлять.",2026-06-13,"Публичный источник из web search; телефоны/email/имена не копировались. | Pain: лиды с рекламы/соцсетей задают повторяющиеся вопросы; бот может квалифицировать интерес, уровень и записать на пробный шаг"
Онлайн-школа Квантастика,онлайн-школа,онлайн-запись/форма заявки,администратор/владелец (роль; персональные данные не собирались),https://kvantastica.ru/,5,lead-research-agent,new,"Перед касанием вручную открыть публичный источник, подтвердить актуальность и использовать только approved outreach-script; сейчас не отправлять.",2026-06-13,"Публичный источник из web search; телефоны/email/имена не копировались. | Pain: лиды с рекламы/соцсетей задают повторяющиеся вопросы; бот может квалифицировать интерес, уровень и записать на пробный шаг"
Онлайн-школа Тетрика,онлайн-школа,онлайн-запись/форма заявки,администратор/владелец (роль; персональные данные не собирались),https://tetrika-school.ru/,5,lead-research-agent,new,"Перед касанием вручную открыть публичный источник, подтвердить актуальность и использовать только approved outreach-script; сейчас не отправлять.",2026-06-13,"Публичный источник из web search; телефоны/email/имена не копировались. | Pain: лиды с рекламы/соцсетей задают повторяющиеся вопросы; бот может квалифицировать интерес, уровень и записать на пробный шаг"
Онлайн-школа иностранных языков,онлайн-школа,онлайн-запись/форма заявки,администратор/владелец (роль; персональные данные не собирались),https://online-london.com/,5,lead-research-agent,new,"Перед касанием вручную открыть публичный источник, подтвердить актуальность и использовать только approved outreach-script; сейчас не отправлять.",2026-06-13,"Публичный источник из web search; телефоны/email/имена не копировались. | Pain: лиды с рекламы/соцсетей задают повторяющиеся вопросы; бот может квалифицировать интерес, уровень и записать на пробный шаг"
Онлайн-школа иностранных языков Anecole,онлайн-школа,онлайн-запись/форма заявки,администратор/владелец (роль; персональные данные не собирались),https://anecole.com/,5,lead-research-agent,new,"Перед касанием вручную открыть публичный источник, подтвердить актуальность и использовать только approved outreach-script; сейчас не отправлять.",2026-06-13,"Публичный источник из web search; телефоны/email/имена не копировались. | Pain: лиды с рекламы/соцсетей задают повторяющиеся вопросы; бот может квалифицировать интерес, уровень и записать на пробный шаг"
Онлайн-школа программирования для детей от 5 до 17 лет,онлайн-школа,онлайн-запись/форма заявки,администратор/владелец (роль; персональные данные не собирались),https://pixel.study/,5,lead-research-agent,new,"Перед касанием вручную открыть публичный источник, подтвердить актуальность и использовать только approved outreach-script; сейчас не отправлять.",2026-06-13,"Публичный источник из web search; телефоны/email/имена не копировались. | Pain: лиды с рекламы/соцсетей задают повторяющиеся вопросы; бот может квалифицировать интерес, уровень и записать на пробный шаг"
Уроки английского для начинающих в Нижнем Новгороде,онлайн-школа,онлайн-запись/форма заявки,администратор/владелец (роль; персональные данные не собирались),https://oxford-russia.ru/besplatniy-urok/,5,lead-research-agent,new,"Перед касанием вручную открыть публичный источник, подтвердить актуальность и использовать только approved outreach-script; сейчас не отправлять.",2026-06-13,"Публичный источник из web search; телефоны/email/имена не копировались. | Pain: лиды с рекламы/соцсетей задают повторяющиеся вопросы; бот может квалифицировать интерес, уровень и записать на пробный шаг"
Хекслет,онлайн-школа,онлайн-запись/форма заявки,администратор/владелец (роль; персональные данные не собирались),https://ru.hexlet.io/,5,lead-research-agent,new,"Перед касанием вручную открыть публичный источник, подтвердить актуальность и использовать только approved outreach-script; сейчас не отправлять.",2026-06-13,"Публичный источник из web search; телефоны/email/имена не копировались. | Pain: лиды с рекламы/соцсетей задают повторяющиеся вопросы; бот может квалифицировать интерес, уровень и записать на пробный шаг"
Школа программирования для детей МШП,онлайн-школа,онлайн-запись/форма заявки,администратор/владелец (роль; персональные данные не собирались),https://informatics.ru/,5,lead-research-agent,new,"Перед касанием вручную открыть публичный источник, подтвердить актуальность и использовать только approved outreach-script; сейчас не отправлять.",2026-06-13,"Публичный источник из web search; телефоны/email/имена не копировались. | Pain: лиды с рекламы/соцсетей задают повторяющиеся вопросы; бот может квалифицировать интерес, уровень и записать на пробный шаг"
